{
    "confidence_score": 0.9706430435180664,
    "ptm": 0.9723517894744873,
    "iptm": 0.9635941982269287,
    "ligand_iptm": 0.835568368434906,
    "protein_iptm": 0.974622368812561,
    "complex_plddt": 0.9724052548408508,
    "complex_iplddt": 0.907150387763977,
    "complex_pde": 0.5821639895439148,
    "complex_ipde": 3.7306065559387207,
    "chains_ptm": {
        "0": 0.9853941798210144,
        "1": 0.9812464118003845,
        "2": 0.965444028377533
    },
    "pair_chains_iptm": {
        "0": {
            "0": 0.9853941798210144,
            "1": 0.974622368812561,
            "2": 0.6428878307342529
        },
        "1": {
            "0": 0.9705846309661865,
            "1": 0.9812464118003845,
            "2": 0.5599058866500854
        },
        "2": {
            "0": 0.835568368434906,
            "1": 0.8213808536529541,
            "2": 0.965444028377533
        }
    }
}