{
    "confidence_score": 0.9681569337844849,
    "ptm": 0.9717914462089539,
    "iptm": 0.964312732219696,
    "ligand_iptm": 0.9908797740936279,
    "protein_iptm": 0.9623571038246155,
    "complex_plddt": 0.9691179990768433,
    "complex_iplddt": 0.9466500282287598,
    "complex_pde": 0.2862216830253601,
    "complex_ipde": 0.36062636971473694,
    "chains_ptm": {
        "0": 0.9813820719718933,
        "1": 0.9808077812194824,
        "2": 0.9300761818885803
    },
    "pair_chains_iptm": {
        "0": {
            "0": 0.9813820719718933,
            "1": 0.9623571038246155,
            "2": 0.7926738262176514
        },
        "1": {
            "0": 0.9619201421737671,
            "1": 0.9808077812194824,
            "2": 0.7052726745605469
        },
        "2": {
            "0": 0.9908797740936279,
            "1": 0.9701887965202332,
            "2": 0.9300761818885803
        }
    }
}