{
    "confidence_score": 0.9621374011039734,
    "ptm": 0.9650914072990417,
    "iptm": 0.9489707350730896,
    "ligand_iptm": 0.6506175994873047,
    "protein_iptm": 0.9745893478393555,
    "complex_plddt": 0.9654291272163391,
    "complex_iplddt": 0.8276920914649963,
    "complex_pde": 0.9310030937194824,
    "complex_ipde": 7.803466796875,
    "chains_ptm": {
        "0": 0.985922634601593,
        "1": 0.9858413338661194,
        "2": 0.938173234462738
    },
    "pair_chains_iptm": {
        "0": {
            "0": 0.985922634601593,
            "1": 0.9742075800895691,
            "2": 0.47588011622428894
        },
        "1": {
            "0": 0.9745893478393555,
            "1": 0.9858413338661194,
            "2": 0.43217918276786804
        },
        "2": {
            "0": 0.6506175994873047,
            "1": 0.6290662884712219,
            "2": 0.938173234462738
        }
    }
}