{
    "confidence_score": 0.9385716319084167,
    "ptm": 0.9481814503669739,
    "iptm": 0.9210416674613953,
    "ligand_iptm": 0.5324446558952332,
    "protein_iptm": 0.9655937552452087,
    "complex_plddt": 0.9429541826248169,
    "complex_iplddt": 0.7471101880073547,
    "complex_pde": 1.2264227867126465,
    "complex_ipde": 10.141484260559082,
    "chains_ptm": {
        "0": 0.9807043075561523,
        "1": 0.9795615673065186,
        "2": 0.895115852355957
    },
    "pair_chains_iptm": {
        "0": {
            "0": 0.9807043075561523,
            "1": 0.9647780656814575,
            "2": 0.4115520715713501
        },
        "1": {
            "0": 0.9655937552452087,
            "1": 0.9795615673065186,
            "2": 0.3483523726463318
        },
        "2": {
            "0": 0.5324446558952332,
            "1": 0.522820770740509,
            "2": 0.895115852355957
        }
    }
}