{
    "confidence_score": 0.9485542178153992,
    "ptm": 0.9600099921226501,
    "iptm": 0.9436153769493103,
    "ligand_iptm": 0.7391708493232727,
    "protein_iptm": 0.966942548751831,
    "complex_plddt": 0.9497889280319214,
    "complex_iplddt": 0.8099268078804016,
    "complex_pde": 0.7893016338348389,
    "complex_ipde": 5.519277095794678,
    "chains_ptm": {
        "0": 0.9813743829727173,
        "1": 0.9764506816864014,
        "2": 0.8890497088432312
    },
    "pair_chains_iptm": {
        "0": {
            "0": 0.9813743829727173,
            "1": 0.966942548751831,
            "2": 0.4973229169845581
        },
        "1": {
            "0": 0.9628520011901855,
            "1": 0.9764506816864014,
            "2": 0.4515082836151123
        },
        "2": {
            "0": 0.7391708493232727,
            "1": 0.7186627984046936,
            "2": 0.8890497088432312
        }
    }
}