{
    "confidence_score": 0.9652091860771179,
    "ptm": 0.9709344506263733,
    "iptm": 0.9628158211708069,
    "ligand_iptm": 0.986405611038208,
    "protein_iptm": 0.9606031179428101,
    "complex_plddt": 0.9658074975013733,
    "complex_iplddt": 0.9343351721763611,
    "complex_pde": 0.30163833498954773,
    "complex_ipde": 0.43045252561569214,
    "chains_ptm": {
        "0": 0.9815361499786377,
        "1": 0.9806391596794128,
        "2": 0.9345030784606934
    },
    "pair_chains_iptm": {
        "0": {
            "0": 0.9815361499786377,
            "1": 0.9606031179428101,
            "2": 0.7776880264282227
        },
        "1": {
            "0": 0.9604752063751221,
            "1": 0.9806391596794128,
            "2": 0.6970040202140808
        },
        "2": {
            "0": 0.986405611038208,
            "1": 0.9661616086959839,
            "2": 0.9345030784606934
        }
    }
}