{
    "confidence_score": 0.9502115249633789,
    "ptm": 0.9605261087417603,
    "iptm": 0.9368939399719238,
    "ligand_iptm": 0.4719071090221405,
    "protein_iptm": 0.977350652217865,
    "complex_plddt": 0.9535409212112427,
    "complex_iplddt": 0.7652323842048645,
    "complex_pde": 0.773051917552948,
    "complex_ipde": 6.125188827514648,
    "chains_ptm": {
        "0": 0.9871559143066406,
        "1": 0.9866604208946228,
        "2": 0.9290462732315063
    },
    "pair_chains_iptm": {
        "0": {
            "0": 0.9871559143066406,
            "1": 0.977350652217865,
            "2": 0.2090236246585846
        },
        "1": {
            "0": 0.9767934083938599,
            "1": 0.9866604208946228,
            "2": 0.14038804173469543
        },
        "2": {
            "0": 0.4719071090221405,
            "1": 0.4394811689853668,
            "2": 0.9290462732315063
        }
    }
}