{
    "confidence_score": 0.9758127331733704,
    "ptm": 0.9750005006790161,
    "iptm": 0.9688584804534912,
    "ligand_iptm": 0.9888827800750732,
    "protein_iptm": 0.9678518772125244,
    "complex_plddt": 0.9775512218475342,
    "complex_iplddt": 0.9621137380599976,
    "complex_pde": 0.28914350271224976,
    "complex_ipde": 0.47625064849853516,
    "chains_ptm": {
        "0": 0.9822632074356079,
        "1": 0.9817531108856201,
        "2": 0.9670776128768921
    },
    "pair_chains_iptm": {
        "0": {
            "0": 0.9822632074356079,
            "1": 0.9675917625427246,
            "2": 0.7920089960098267
        },
        "1": {
            "0": 0.9678518772125244,
            "1": 0.9817531108856201,
            "2": 0.7089061141014099
        },
        "2": {
            "0": 0.9888827800750732,
            "1": 0.9719401001930237,
            "2": 0.9670776128768921
        }
    }
}