{
    "confidence_score": 0.9652083516120911,
    "ptm": 0.9708749651908875,
    "iptm": 0.9628942012786865,
    "ligand_iptm": 0.9753870964050293,
    "protein_iptm": 0.9622801542282104,
    "complex_plddt": 0.965786874294281,
    "complex_iplddt": 0.9311072826385498,
    "complex_pde": 0.32349440455436707,
    "complex_ipde": 0.5533680319786072,
    "chains_ptm": {
        "0": 0.9810166358947754,
        "1": 0.9806087613105774,
        "2": 0.9280264377593994
    },
    "pair_chains_iptm": {
        "0": {
            "0": 0.9810166358947754,
            "1": 0.9622801542282104,
            "2": 0.7748482823371887
        },
        "1": {
            "0": 0.9619352221488953,
            "1": 0.9806087613105774,
            "2": 0.6936997175216675
        },
        "2": {
            "0": 0.9753870964050293,
            "1": 0.9557735323905945,
            "2": 0.9280264377593994
        }
    }
}