{
    "confidence_score": 0.9672684073448181,
    "ptm": 0.9724502563476562,
    "iptm": 0.9579229354858398,
    "ligand_iptm": 0.5752346515655518,
    "protein_iptm": 0.9806182980537415,
    "complex_plddt": 0.9696047902107239,
    "complex_iplddt": 0.8380027413368225,
    "complex_pde": 0.5923792123794556,
    "complex_ipde": 4.712400436401367,
    "chains_ptm": {
        "0": 0.9893596172332764,
        "1": 0.9890797138214111,
        "2": 0.9264818429946899
    },
    "pair_chains_iptm": {
        "0": {
            "0": 0.9893596172332764,
            "1": 0.9804181456565857,
            "2": 0.3195033371448517
        },
        "1": {
            "0": 0.9806182980537415,
            "1": 0.9890797138214111,
            "2": 0.241382896900177
        },
        "2": {
            "0": 0.5752346515655518,
            "1": 0.5321570038795471,
            "2": 0.9264818429946899
        }
    }
}