{
    "confidence_score": 0.9735056161880493,
    "ptm": 0.9748302698135376,
    "iptm": 0.9686396718025208,
    "ligand_iptm": 0.9861189126968384,
    "protein_iptm": 0.9678946137428284,
    "complex_plddt": 0.9747220277786255,
    "complex_iplddt": 0.9540913105010986,
    "complex_pde": 0.3031654357910156,
    "complex_ipde": 0.4797634482383728,
    "chains_ptm": {
        "0": 0.9825295209884644,
        "1": 0.9820244312286377,
        "2": 0.9383682608604431
    },
    "pair_chains_iptm": {
        "0": {
            "0": 0.9825295209884644,
            "1": 0.9678946137428284,
            "2": 0.7756199836730957
        },
        "1": {
            "0": 0.9675751328468323,
            "1": 0.9820244312286377,
            "2": 0.6906362771987915
        },
        "2": {
            "0": 0.9861189126968384,
            "1": 0.9690205454826355,
            "2": 0.9383682608604431
        }
    }
}