{
    "confidence_score": 0.9652957916259766,
    "ptm": 0.9703496098518372,
    "iptm": 0.9622789025306702,
    "ligand_iptm": 0.9819321632385254,
    "protein_iptm": 0.9608957171440125,
    "complex_plddt": 0.9660500288009644,
    "complex_iplddt": 0.9307000041007996,
    "complex_pde": 0.3025393784046173,
    "complex_ipde": 0.4536341726779938,
    "chains_ptm": {
        "0": 0.9808276891708374,
        "1": 0.9803704023361206,
        "2": 0.9261252284049988
    },
    "pair_chains_iptm": {
        "0": {
            "0": 0.9808276891708374,
            "1": 0.9608957171440125,
            "2": 0.7408407926559448
        },
        "1": {
            "0": 0.9607521891593933,
            "1": 0.9803704023361206,
            "2": 0.6554913520812988
        },
        "2": {
            "0": 0.9819321632385254,
            "1": 0.9616897702217102,
            "2": 0.9261252284049988
        }
    }
}