{
    "confidence_score": 0.9740830659866333,
    "ptm": 0.9750956296920776,
    "iptm": 0.9691638946533203,
    "ligand_iptm": 0.9892818331718445,
    "protein_iptm": 0.9674357175827026,
    "complex_plddt": 0.9753128290176392,
    "complex_iplddt": 0.9565807580947876,
    "complex_pde": 0.29851028323173523,
    "complex_ipde": 0.45009565353393555,
    "chains_ptm": {
        "0": 0.9825096130371094,
        "1": 0.9816142320632935,
        "2": 0.9398451447486877
    },
    "pair_chains_iptm": {
        "0": {
            "0": 0.9825096130371094,
            "1": 0.967415452003479,
            "2": 0.8020706176757812
        },
        "1": {
            "0": 0.9674357175827026,
            "1": 0.9816142320632935,
            "2": 0.7216163277626038
        },
        "2": {
            "0": 0.9892818331718445,
            "1": 0.9695369601249695,
            "2": 0.9398451447486877
        }
    }
}