{
    "confidence_score": 0.9730043411254883,
    "ptm": 0.9749262928962708,
    "iptm": 0.968925952911377,
    "ligand_iptm": 0.9835646748542786,
    "protein_iptm": 0.9678940773010254,
    "complex_plddt": 0.9740239977836609,
    "complex_iplddt": 0.9472503066062927,
    "complex_pde": 0.2994082570075989,
    "complex_ipde": 0.4673762619495392,
    "chains_ptm": {
        "0": 0.9823270440101624,
        "1": 0.9819085597991943,
        "2": 0.9262059330940247
    },
    "pair_chains_iptm": {
        "0": {
            "0": 0.9823270440101624,
            "1": 0.9677047729492188,
            "2": 0.7899380326271057
        },
        "1": {
            "0": 0.9678940773010254,
            "1": 0.9819085597991943,
            "2": 0.6999084949493408
        },
        "2": {
            "0": 0.9835646748542786,
            "1": 0.968622624874115,
            "2": 0.9262059330940247
        }
    }
}