{
    "confidence_score": 0.9775798916816711,
    "ptm": 0.9786409139633179,
    "iptm": 0.9736751317977905,
    "ligand_iptm": 0.9925694465637207,
    "protein_iptm": 0.9725605845451355,
    "complex_plddt": 0.9785560965538025,
    "complex_iplddt": 0.9682154059410095,
    "complex_pde": 0.28432512283325195,
    "complex_ipde": 0.4192715585231781,
    "chains_ptm": {
        "0": 0.9846561551094055,
        "1": 0.9845362901687622,
        "2": 0.938340961933136
    },
    "pair_chains_iptm": {
        "0": {
            "0": 0.9846561551094055,
            "1": 0.9724688529968262,
            "2": 0.7912017107009888
        },
        "1": {
            "0": 0.9725605845451355,
            "1": 0.9845362901687622,
            "2": 0.6991035342216492
        },
        "2": {
            "0": 0.9925694465637207,
            "1": 0.9804649353027344,
            "2": 0.938340961933136
        }
    }
}