{
    "confidence_score": 0.9744194149971008,
    "ptm": 0.975166380405426,
    "iptm": 0.9692603349685669,
    "ligand_iptm": 0.9890890121459961,
    "protein_iptm": 0.9674981832504272,
    "complex_plddt": 0.9757091999053955,
    "complex_iplddt": 0.9595427513122559,
    "complex_pde": 0.29629984498023987,
    "complex_ipde": 0.4440212845802307,
    "chains_ptm": {
        "0": 0.9824920892715454,
        "1": 0.98223477602005,
        "2": 0.9390015006065369
    },
    "pair_chains_iptm": {
        "0": {
            "0": 0.9824920892715454,
            "1": 0.9673069715499878,
            "2": 0.7810124754905701
        },
        "1": {
            "0": 0.9674981832504272,
            "1": 0.98223477602005,
            "2": 0.7033309936523438
        },
        "2": {
            "0": 0.9890890121459961,
            "1": 0.9703114628791809,
            "2": 0.9390015006065369
        }
    }
}