{
    "confidence_score": 0.9789681434631348,
    "ptm": 0.9803252220153809,
    "iptm": 0.9741212129592896,
    "ligand_iptm": 0.9165882468223572,
    "protein_iptm": 0.9790863394737244,
    "complex_plddt": 0.9801799058914185,
    "complex_iplddt": 0.9277894496917725,
    "complex_pde": 0.33388659358024597,
    "complex_ipde": 1.1501243114471436,
    "chains_ptm": {
        "0": 0.9880523681640625,
        "1": 0.9881339073181152,
        "2": 0.9447177052497864
    },
    "pair_chains_iptm": {
        "0": {
            "0": 0.9880523681640625,
            "1": 0.9787874817848206,
            "2": 0.42409831285476685
        },
        "1": {
            "0": 0.9790863394737244,
            "1": 0.9881339073181152,
            "2": 0.5319129824638367
        },
        "2": {
            "0": 0.9034733176231384,
            "1": 0.9165882468223572,
            "2": 0.9447177052497864
        }
    }
}