{
    "confidence_score": 0.9599226117134094,
    "ptm": 0.9639421701431274,
    "iptm": 0.9482905268669128,
    "ligand_iptm": 0.7845588326454163,
    "protein_iptm": 0.9659252166748047,
    "complex_plddt": 0.962830662727356,
    "complex_iplddt": 0.8636227250099182,
    "complex_pde": 0.6594114899635315,
    "complex_ipde": 4.603072643280029,
    "chains_ptm": {
        "0": 0.9816514253616333,
        "1": 0.9790731072425842,
        "2": 0.939208447933197
    },
    "pair_chains_iptm": {
        "0": {
            "0": 0.9816514253616333,
            "1": 0.9659252166748047,
            "2": 0.6310468316078186
        },
        "1": {
            "0": 0.9646665453910828,
            "1": 0.9790731072425842,
            "2": 0.5422833561897278
        },
        "2": {
            "0": 0.7845588326454163,
            "1": 0.7655954360961914,
            "2": 0.939208447933197
        }
    }
}