{
    "confidence_score": 0.9812149405479431,
    "ptm": 0.9808250665664673,
    "iptm": 0.9760183095932007,
    "ligand_iptm": 0.9912378191947937,
    "protein_iptm": 0.9755148887634277,
    "complex_plddt": 0.9825140833854675,
    "complex_iplddt": 0.9716073274612427,
    "complex_pde": 0.2729509770870209,
    "complex_ipde": 0.3918396532535553,
    "chains_ptm": {
        "0": 0.9865973591804504,
        "1": 0.9862488508224487,
        "2": 0.9585403203964233
    },
    "pair_chains_iptm": {
        "0": {
            "0": 0.9865973591804504,
            "1": 0.9752809405326843,
            "2": 0.7810671925544739
        },
        "1": {
            "0": 0.9755148887634277,
            "1": 0.9862488508224487,
            "2": 0.6999350786209106
        },
        "2": {
            "0": 0.9912378191947937,
            "1": 0.9812723994255066,
            "2": 0.9585403203964233
        }
    }
}