{
    "confidence_score": 0.9676024317741394,
    "ptm": 0.9715113639831543,
    "iptm": 0.9642768502235413,
    "ligand_iptm": 0.9921502470970154,
    "protein_iptm": 0.961989164352417,
    "complex_plddt": 0.9684338569641113,
    "complex_iplddt": 0.9447957277297974,
    "complex_pde": 0.28682202100753784,
    "complex_ipde": 0.37346357107162476,
    "chains_ptm": {
        "0": 0.9809643030166626,
        "1": 0.9808849692344666,
        "2": 0.93617182970047
    },
    "pair_chains_iptm": {
        "0": {
            "0": 0.9809643030166626,
            "1": 0.961989164352417,
            "2": 0.78986656665802
        },
        "1": {
            "0": 0.961907148361206,
            "1": 0.9808849692344666,
            "2": 0.6905760765075684
        },
        "2": {
            "0": 0.9921502470970154,
            "1": 0.9725786447525024,
            "2": 0.93617182970047
        }
    }
}