{
    "confidence_score": 0.979165256023407,
    "ptm": 0.9774903059005737,
    "iptm": 0.9718659520149231,
    "ligand_iptm": 0.9870072603225708,
    "protein_iptm": 0.9714587330818176,
    "complex_plddt": 0.9809900522232056,
    "complex_iplddt": 0.9661719799041748,
    "complex_pde": 0.2826070487499237,
    "complex_ipde": 0.44977760314941406,
    "chains_ptm": {
        "0": 0.9839999079704285,
        "1": 0.9837048053741455,
        "2": 0.9594980478286743
    },
    "pair_chains_iptm": {
        "0": {
            "0": 0.9839999079704285,
            "1": 0.9712512493133545,
            "2": 0.762459397315979
        },
        "1": {
            "0": 0.9714587330818176,
            "1": 0.9837048053741455,
            "2": 0.676325261592865
        },
        "2": {
            "0": 0.9870072603225708,
            "1": 0.973113477230072,
            "2": 0.9594980478286743
        }
    }
}