{
    "confidence_score": 0.9718472361564636,
    "ptm": 0.9753474593162537,
    "iptm": 0.9690836071968079,
    "ligand_iptm": 0.9778323769569397,
    "protein_iptm": 0.9687448143959045,
    "complex_plddt": 0.9725381731987,
    "complex_iplddt": 0.9391670823097229,
    "complex_pde": 0.31034964323043823,
    "complex_ipde": 0.5492188930511475,
    "chains_ptm": {
        "0": 0.9828896522521973,
        "1": 0.98201584815979,
        "2": 0.9511658549308777
    },
    "pair_chains_iptm": {
        "0": {
            "0": 0.9828896522521973,
            "1": 0.9686155319213867,
            "2": 0.7718728184700012
        },
        "1": {
            "0": 0.9687448143959045,
            "1": 0.98201584815979,
            "2": 0.6767469048500061
        },
        "2": {
            "0": 0.9778323769569397,
            "1": 0.9620368480682373,
            "2": 0.9511658549308777
        }
    }
}