{
    "confidence_score": 0.9523453116416931,
    "ptm": 0.9614300727844238,
    "iptm": 0.9462957978248596,
    "ligand_iptm": 0.8577172756195068,
    "protein_iptm": 0.9593635201454163,
    "complex_plddt": 0.9538576006889343,
    "complex_iplddt": 0.8446287512779236,
    "complex_pde": 0.6585547924041748,
    "complex_ipde": 3.7692294120788574,
    "chains_ptm": {
        "0": 0.9794265031814575,
        "1": 0.980134904384613,
        "2": 0.9236095547676086
    },
    "pair_chains_iptm": {
        "0": {
            "0": 0.9794265031814575,
            "1": 0.9590498805046082,
            "2": 0.6103550791740417
        },
        "1": {
            "0": 0.9593635201454163,
            "1": 0.980134904384613,
            "2": 0.7007118463516235
        },
        "2": {
            "0": 0.8361490964889526,
            "1": 0.8577172756195068,
            "2": 0.9236095547676086
        }
    }
}