{
    "confidence_score": 0.974033534526825,
    "ptm": 0.9745551347732544,
    "iptm": 0.9685022830963135,
    "ligand_iptm": 0.9893143773078918,
    "protein_iptm": 0.9670394062995911,
    "complex_plddt": 0.9754164218902588,
    "complex_iplddt": 0.9577308297157288,
    "complex_pde": 0.29894763231277466,
    "complex_ipde": 0.46258196234703064,
    "chains_ptm": {
        "0": 0.9820070266723633,
        "1": 0.981665849685669,
        "2": 0.9353927373886108
    },
    "pair_chains_iptm": {
        "0": {
            "0": 0.9820070266723633,
            "1": 0.9668203592300415,
            "2": 0.7817720174789429
        },
        "1": {
            "0": 0.9670394062995911,
            "1": 0.981665849685669,
            "2": 0.6886193156242371
        },
        "2": {
            "0": 0.9893143773078918,
            "1": 0.9710621237754822,
            "2": 0.9353927373886108
        }
    }
}