{
    "confidence_score": 0.9754906892776489,
    "ptm": 0.9759854078292847,
    "iptm": 0.9703518748283386,
    "ligand_iptm": 0.9898597598075867,
    "protein_iptm": 0.968920111656189,
    "complex_plddt": 0.9767753481864929,
    "complex_iplddt": 0.9604784250259399,
    "complex_pde": 0.2923744320869446,
    "complex_ipde": 0.43283143639564514,
    "chains_ptm": {
        "0": 0.9829087257385254,
        "1": 0.9822710752487183,
        "2": 0.9306094646453857
    },
    "pair_chains_iptm": {
        "0": {
            "0": 0.9829087257385254,
            "1": 0.9688100218772888,
            "2": 0.7697760462760925
        },
        "1": {
            "0": 0.968920111656189,
            "1": 0.9822710752487183,
            "2": 0.6983783841133118
        },
        "2": {
            "0": 0.9898597598075867,
            "1": 0.973351001739502,
            "2": 0.9306094646453857
        }
    }
}