{
    "confidence_score": 0.9615430235862732,
    "ptm": 0.9655312299728394,
    "iptm": 0.9523972272872925,
    "ligand_iptm": 0.816628634929657,
    "protein_iptm": 0.9674496650695801,
    "complex_plddt": 0.9638294577598572,
    "complex_iplddt": 0.8751784563064575,
    "complex_pde": 0.6227803826332092,
    "complex_ipde": 4.011458873748779,
    "chains_ptm": {
        "0": 0.9821706414222717,
        "1": 0.9775245785713196,
        "2": 0.9370109438896179
    },
    "pair_chains_iptm": {
        "0": {
            "0": 0.9821706414222717,
            "1": 0.9674496650695801,
            "2": 0.6562749147415161
        },
        "1": {
            "0": 0.9646441340446472,
            "1": 0.9775245785713196,
            "2": 0.5744799375534058
        },
        "2": {
            "0": 0.816628634929657,
            "1": 0.8001055121421814,
            "2": 0.9370109438896179
        }
    }
}