{
    "confidence_score": 0.966664731502533,
    "ptm": 0.9704601168632507,
    "iptm": 0.9622589349746704,
    "ligand_iptm": 0.984706461429596,
    "protein_iptm": 0.9603927731513977,
    "complex_plddt": 0.9677661657333374,
    "complex_iplddt": 0.9367807507514954,
    "complex_pde": 0.30172932147979736,
    "complex_ipde": 0.41907036304473877,
    "chains_ptm": {
        "0": 0.9810863137245178,
        "1": 0.980017900466919,
        "2": 0.9292895793914795
    },
    "pair_chains_iptm": {
        "0": {
            "0": 0.9810863137245178,
            "1": 0.9598171710968018,
            "2": 0.781487226486206
        },
        "1": {
            "0": 0.9603927731513977,
            "1": 0.980017900466919,
            "2": 0.6970307230949402
        },
        "2": {
            "0": 0.984706461429596,
            "1": 0.9649955630302429,
            "2": 0.9292895793914795
        }
    }
}