{
    "confidence_score": 0.9600209593772888,
    "ptm": 0.9649425745010376,
    "iptm": 0.9427240490913391,
    "ligand_iptm": 0.19058746099472046,
    "protein_iptm": 0.980503261089325,
    "complex_plddt": 0.9643450975418091,
    "complex_iplddt": 0.7749698758125305,
    "complex_pde": 0.6101957559585571,
    "complex_ipde": 5.390775203704834,
    "chains_ptm": {
        "0": 0.9896382689476013,
        "1": 0.9893609285354614,
        "2": 0.8641061782836914
    },
    "pair_chains_iptm": {
        "0": {
            "0": 0.9896382689476013,
            "1": 0.980503261089325,
            "2": 0.10368824005126953
        },
        "1": {
            "0": 0.9804404377937317,
            "1": 0.9893609285354614,
            "2": 0.09823513776063919
        },
        "2": {
            "0": 0.18841855227947235,
            "1": 0.19058746099472046,
            "2": 0.8641061782836914
        }
    }
}