{
    "confidence_score": 0.9726075530052185,
    "ptm": 0.9762596487998962,
    "iptm": 0.9659159779548645,
    "ligand_iptm": 0.8173391222953796,
    "protein_iptm": 0.9789420962333679,
    "complex_plddt": 0.9742804169654846,
    "complex_iplddt": 0.883621335029602,
    "complex_pde": 0.4400961101055145,
    "complex_ipde": 2.389112949371338,
    "chains_ptm": {
        "0": 0.9881078004837036,
        "1": 0.9877226948738098,
        "2": 0.9103623628616333
    },
    "pair_chains_iptm": {
        "0": {
            "0": 0.9881078004837036,
            "1": 0.9789420962333679,
            "2": 0.45172521471977234
        },
        "1": {
            "0": 0.9788464903831482,
            "1": 0.9877226948738098,
            "2": 0.4291508197784424
        },
        "2": {
            "0": 0.8173391222953796,
            "1": 0.7940974235534668,
            "2": 0.9103623628616333
        }
    }
}