{
    "confidence_score": 0.9462337493896484,
    "ptm": 0.9520708918571472,
    "iptm": 0.9275109171867371,
    "ligand_iptm": 0.556962251663208,
    "protein_iptm": 0.9661020040512085,
    "complex_plddt": 0.9509144425392151,
    "complex_iplddt": 0.7912048101425171,
    "complex_pde": 1.181519627571106,
    "complex_ipde": 9.564037322998047,
    "chains_ptm": {
        "0": 0.9804471135139465,
        "1": 0.9799147248268127,
        "2": 0.8822358846664429
    },
    "pair_chains_iptm": {
        "0": {
            "0": 0.9804471135139465,
            "1": 0.9661020040512085,
            "2": 0.43322062492370605
        },
        "1": {
            "0": 0.9658029079437256,
            "1": 0.9799147248268127,
            "2": 0.40397509932518005
        },
        "2": {
            "0": 0.556962251663208,
            "1": 0.5454067587852478,
            "2": 0.8822358846664429
        }
    }
}