{
    "confidence_score": 0.9599564671516418,
    "ptm": 0.9692823886871338,
    "iptm": 0.956214964389801,
    "ligand_iptm": 0.8173704147338867,
    "protein_iptm": 0.9721302390098572,
    "complex_plddt": 0.960891842842102,
    "complex_iplddt": 0.8565619587898254,
    "complex_pde": 0.501248300075531,
    "complex_ipde": 2.402479887008667,
    "chains_ptm": {
        "0": 0.9842726588249207,
        "1": 0.983855128288269,
        "2": 0.9104677438735962
    },
    "pair_chains_iptm": {
        "0": {
            "0": 0.9842726588249207,
            "1": 0.9720786213874817,
            "2": 0.48741886019706726
        },
        "1": {
            "0": 0.9721302390098572,
            "1": 0.983855128288269,
            "2": 0.433240681886673
        },
        "2": {
            "0": 0.8173704147338867,
            "1": 0.8087419867515564,
            "2": 0.9104677438735962
        }
    }
}