{
    "confidence_score": 0.9675891995429993,
    "ptm": 0.9740529656410217,
    "iptm": 0.9671010375022888,
    "ligand_iptm": 0.9841586351394653,
    "protein_iptm": 0.9658175706863403,
    "complex_plddt": 0.9677112698554993,
    "complex_iplddt": 0.9353397488594055,
    "complex_pde": 0.2891441285610199,
    "complex_ipde": 0.4544897675514221,
    "chains_ptm": {
        "0": 0.9828676581382751,
        "1": 0.9823922514915466,
        "2": 0.9564712643623352
    },
    "pair_chains_iptm": {
        "0": {
            "0": 0.9828676581382751,
            "1": 0.9656837582588196,
            "2": 0.7863705158233643
        },
        "1": {
            "0": 0.9658175706863403,
            "1": 0.9823922514915466,
            "2": 0.6922748684883118
        },
        "2": {
            "0": 0.9841586351394653,
            "1": 0.9646517038345337,
            "2": 0.9564712643623352
        }
    }
}