{
    "confidence_score": 0.9671990275382996,
    "ptm": 0.9713018536567688,
    "iptm": 0.9636350274085999,
    "ligand_iptm": 0.9849902391433716,
    "protein_iptm": 0.9621424674987793,
    "complex_plddt": 0.9680899977684021,
    "complex_iplddt": 0.9367462396621704,
    "complex_pde": 0.2996772527694702,
    "complex_ipde": 0.4128400683403015,
    "chains_ptm": {
        "0": 0.9813041687011719,
        "1": 0.9808982014656067,
        "2": 0.9254823923110962
    },
    "pair_chains_iptm": {
        "0": {
            "0": 0.9813041687011719,
            "1": 0.9621424674987793,
            "2": 0.7672450542449951
        },
        "1": {
            "0": 0.9618582725524902,
            "1": 0.9808982014656067,
            "2": 0.6903244853019714
        },
        "2": {
            "0": 0.9849902391433716,
            "1": 0.9657799005508423,
            "2": 0.9254823923110962
        }
    }
}