{
    "confidence_score": 0.9649998545646667,
    "ptm": 0.9726547002792358,
    "iptm": 0.9613295793533325,
    "ligand_iptm": 0.8412221074104309,
    "protein_iptm": 0.9727047681808472,
    "complex_plddt": 0.9659174680709839,
    "complex_iplddt": 0.890026867389679,
    "complex_pde": 0.5603357553482056,
    "complex_ipde": 3.566817283630371,
    "chains_ptm": {
        "0": 0.9849734306335449,
        "1": 0.9823783040046692,
        "2": 0.9560338854789734
    },
    "pair_chains_iptm": {
        "0": {
            "0": 0.9849734306335449,
            "1": 0.9727047681808472,
            "2": 0.6448535323143005
        },
        "1": {
            "0": 0.9716626405715942,
            "1": 0.9823783040046692,
            "2": 0.5578370690345764
        },
        "2": {
            "0": 0.8412221074104309,
            "1": 0.8208853602409363,
            "2": 0.9560338854789734
        }
    }
}