{
    "confidence_score": 0.9616120457649231,
    "ptm": 0.9662161469459534,
    "iptm": 0.9524515271186829,
    "ligand_iptm": 0.8434487581253052,
    "protein_iptm": 0.9685391783714294,
    "complex_plddt": 0.9639021158218384,
    "complex_iplddt": 0.8774630427360535,
    "complex_pde": 0.6802389025688171,
    "complex_ipde": 4.109286308288574,
    "chains_ptm": {
        "0": 0.9817416071891785,
        "1": 0.9819589257240295,
        "2": 0.9218289256095886
    },
    "pair_chains_iptm": {
        "0": {
            "0": 0.9817416071891785,
            "1": 0.9685391783714294,
            "2": 0.6917826533317566
        },
        "1": {
            "0": 0.9678135514259338,
            "1": 0.9819589257240295,
            "2": 0.6067105531692505
        },
        "2": {
            "0": 0.8434487581253052,
            "1": 0.8217336535453796,
            "2": 0.9218289256095886
        }
    }
}