{
    "confidence_score": 0.9769222140312195,
    "ptm": 0.979446530342102,
    "iptm": 0.9728707075119019,
    "ligand_iptm": 0.9028420448303223,
    "protein_iptm": 0.9784749746322632,
    "complex_plddt": 0.9779351353645325,
    "complex_iplddt": 0.9193398356437683,
    "complex_pde": 0.3425014317035675,
    "complex_ipde": 1.2400310039520264,
    "chains_ptm": {
        "0": 0.98772794008255,
        "1": 0.987536609172821,
        "2": 0.9253714084625244
    },
    "pair_chains_iptm": {
        "0": {
            "0": 0.98772794008255,
            "1": 0.9784749746322632,
            "2": 0.5184351205825806
        },
        "1": {
            "0": 0.9784396290779114,
            "1": 0.987536609172821,
            "2": 0.43667060136795044
        },
        "2": {
            "0": 0.9028420448303223,
            "1": 0.8843092322349548,
            "2": 0.9253714084625244
        }
    }
}