{
    "confidence_score": 0.9536797404289246,
    "ptm": 0.9609144926071167,
    "iptm": 0.9412370324134827,
    "ligand_iptm": 0.6384127736091614,
    "protein_iptm": 0.9693443775177002,
    "complex_plddt": 0.9567903876304626,
    "complex_iplddt": 0.7956680655479431,
    "complex_pde": 0.6617512106895447,
    "complex_ipde": 4.629283905029297,
    "chains_ptm": {
        "0": 0.9826981425285339,
        "1": 0.9825138449668884,
        "2": 0.8872382044792175
    },
    "pair_chains_iptm": {
        "0": {
            "0": 0.9826981425285339,
            "1": 0.9693443775177002,
            "2": 0.46602511405944824
        },
        "1": {
            "0": 0.9691973328590393,
            "1": 0.9825138449668884,
            "2": 0.3847348690032959
        },
        "2": {
            "0": 0.6370212435722351,
            "1": 0.6384127736091614,
            "2": 0.8872382044792175
        }
    }
}