{
    "confidence_score": 0.9719379544258118,
    "ptm": 0.9757537841796875,
    "iptm": 0.9691914319992065,
    "ligand_iptm": 0.9714365005493164,
    "protein_iptm": 0.9698153138160706,
    "complex_plddt": 0.9726245403289795,
    "complex_iplddt": 0.9366028904914856,
    "complex_pde": 0.30432912707328796,
    "complex_ipde": 0.66682368516922,
    "chains_ptm": {
        "0": 0.9835239052772522,
        "1": 0.9831113219261169,
        "2": 0.9584475755691528
    },
    "pair_chains_iptm": {
        "0": {
            "0": 0.9835239052772522,
            "1": 0.9698153138160706,
            "2": 0.7448610067367554
        },
        "1": {
            "0": 0.9696145057678223,
            "1": 0.9831113219261169,
            "2": 0.64788419008255
        },
        "2": {
            "0": 0.9714365005493164,
            "1": 0.9550716280937195,
            "2": 0.9584475755691528
        }
    }
}