{
    "confidence_score": 0.9698466658592224,
    "ptm": 0.9704855680465698,
    "iptm": 0.9608345627784729,
    "ligand_iptm": 0.7927716374397278,
    "protein_iptm": 0.9752030968666077,
    "complex_plddt": 0.9720996618270874,
    "complex_iplddt": 0.8837236762046814,
    "complex_pde": 0.64652019739151,
    "complex_ipde": 4.537668228149414,
    "chains_ptm": {
        "0": 0.9864290952682495,
        "1": 0.9791517853736877,
        "2": 0.964438796043396
    },
    "pair_chains_iptm": {
        "0": {
            "0": 0.9864290952682495,
            "1": 0.9752030968666077,
            "2": 0.6473390460014343
        },
        "1": {
            "0": 0.9691874980926514,
            "1": 0.9791517853736877,
            "2": 0.56124347448349
        },
        "2": {
            "0": 0.7927716374397278,
            "1": 0.7684404253959656,
            "2": 0.964438796043396
        }
    }
}