{
    "confidence_score": 0.9654685854911804,
    "ptm": 0.9688663482666016,
    "iptm": 0.9599555134773254,
    "ligand_iptm": 0.9817379713058472,
    "protein_iptm": 0.9585721492767334,
    "complex_plddt": 0.9668468832969666,
    "complex_iplddt": 0.9365635514259338,
    "complex_pde": 0.3076888918876648,
    "complex_ipde": 0.45303767919540405,
    "chains_ptm": {
        "0": 0.9800161719322205,
        "1": 0.9796632528305054,
        "2": 0.9299169778823853
    },
    "pair_chains_iptm": {
        "0": {
            "0": 0.9800161719322205,
            "1": 0.9585721492767334,
            "2": 0.765331506729126
        },
        "1": {
            "0": 0.9581270217895508,
            "1": 0.9796632528305054,
            "2": 0.6787598133087158
        },
        "2": {
            "0": 0.9817379713058472,
            "1": 0.961147129535675,
            "2": 0.9299169778823853
        }
    }
}