{
    "confidence_score": 0.9673725962638855,
    "ptm": 0.970354437828064,
    "iptm": 0.9619054198265076,
    "ligand_iptm": 0.989015519618988,
    "protein_iptm": 0.9599550366401672,
    "complex_plddt": 0.9687394499778748,
    "complex_iplddt": 0.9418250918388367,
    "complex_pde": 0.29280149936676025,
    "complex_ipde": 0.38827863335609436,
    "chains_ptm": {
        "0": 0.9810144901275635,
        "1": 0.9803369641304016,
        "2": 0.9304065108299255
    },
    "pair_chains_iptm": {
        "0": {
            "0": 0.9810144901275635,
            "1": 0.9599550366401672,
            "2": 0.7703334093093872
        },
        "1": {
            "0": 0.959585428237915,
            "1": 0.9803369641304016,
            "2": 0.6915717720985413
        },
        "2": {
            "0": 0.989015519618988,
            "1": 0.9678330421447754,
            "2": 0.9304065108299255
        }
    }
}