{
    "confidence_score": 0.9535914659500122,
    "ptm": 0.9590837955474854,
    "iptm": 0.9384514689445496,
    "ligand_iptm": 0.6293236017227173,
    "protein_iptm": 0.9728438854217529,
    "complex_plddt": 0.9573764801025391,
    "complex_iplddt": 0.8214001655578613,
    "complex_pde": 1.1267017126083374,
    "complex_ipde": 8.718260765075684,
    "chains_ptm": {
        "0": 0.9845776557922363,
        "1": 0.9840586185455322,
        "2": 0.9397682547569275
    },
    "pair_chains_iptm": {
        "0": {
            "0": 0.9845776557922363,
            "1": 0.9719676375389099,
            "2": 0.46674153208732605
        },
        "1": {
            "0": 0.9728438854217529,
            "1": 0.9840586185455322,
            "2": 0.5371606349945068
        },
        "2": {
            "0": 0.6187732219696045,
            "1": 0.6293236017227173,
            "2": 0.9397682547569275
        }
    }
}