{
    "confidence_score": 0.9757313132286072,
    "ptm": 0.9756378531455994,
    "iptm": 0.9698916673660278,
    "ligand_iptm": 0.9906358122825623,
    "protein_iptm": 0.96827632188797,
    "complex_plddt": 0.9771912097930908,
    "complex_iplddt": 0.9632819294929504,
    "complex_pde": 0.2915249764919281,
    "complex_ipde": 0.42662641406059265,
    "chains_ptm": {
        "0": 0.9826288223266602,
        "1": 0.9821675419807434,
        "2": 0.9315125346183777
    },
    "pair_chains_iptm": {
        "0": {
            "0": 0.9826288223266602,
            "1": 0.9682717323303223,
            "2": 0.7752904891967773
        },
        "1": {
            "0": 0.96827632188797,
            "1": 0.9821675419807434,
            "2": 0.6994732022285461
        },
        "2": {
            "0": 0.9906358122825623,
            "1": 0.974112331867218,
            "2": 0.9315125346183777
        }
    }
}