{
    "confidence_score": 0.962388813495636,
    "ptm": 0.9671747088432312,
    "iptm": 0.9479206800460815,
    "ligand_iptm": 0.3722677230834961,
    "protein_iptm": 0.9804336428642273,
    "complex_plddt": 0.9660058617591858,
    "complex_iplddt": 0.8053585290908813,
    "complex_pde": 0.7433513402938843,
    "complex_ipde": 6.83372688293457,
    "chains_ptm": {
        "0": 0.9891448616981506,
        "1": 0.98907870054245,
        "2": 0.8829333186149597
    },
    "pair_chains_iptm": {
        "0": {
            "0": 0.9891448616981506,
            "1": 0.9804336428642273,
            "2": 0.19410227239131927
        },
        "1": {
            "0": 0.9803537130355835,
            "1": 0.98907870054245,
            "2": 0.1351361721754074
        },
        "2": {
            "0": 0.3722677230834961,
            "1": 0.351440966129303,
            "2": 0.8829333186149597
        }
    }
}