{
    "confidence_score": 0.966203510761261,
    "ptm": 0.9719035029411316,
    "iptm": 0.9569953680038452,
    "ligand_iptm": 0.5602923035621643,
    "protein_iptm": 0.9804719686508179,
    "complex_plddt": 0.9685055613517761,
    "complex_iplddt": 0.8365589380264282,
    "complex_pde": 0.600938618183136,
    "complex_ipde": 4.883397579193115,
    "chains_ptm": {
        "0": 0.9891833066940308,
        "1": 0.9888785481452942,
        "2": 0.9028578400611877
    },
    "pair_chains_iptm": {
        "0": {
            "0": 0.9891833066940308,
            "1": 0.9804719686508179,
            "2": 0.3656309247016907
        },
        "1": {
            "0": 0.980381429195404,
            "1": 0.9888785481452942,
            "2": 0.2864631712436676
        },
        "2": {
            "0": 0.5602923035621643,
            "1": 0.5239265561103821,
            "2": 0.9028578400611877
        }
    }
}