{
    "confidence_score": 0.9607850909233093,
    "ptm": 0.9663959741592407,
    "iptm": 0.9534440636634827,
    "ligand_iptm": 0.6740004420280457,
    "protein_iptm": 0.9750622510910034,
    "complex_plddt": 0.9626203179359436,
    "complex_iplddt": 0.8339779376983643,
    "complex_pde": 0.850439727306366,
    "complex_ipde": 6.865082740783691,
    "chains_ptm": {
        "0": 0.9861851930618286,
        "1": 0.9813494682312012,
        "2": 0.9323314428329468
    },
    "pair_chains_iptm": {
        "0": {
            "0": 0.9861851930618286,
            "1": 0.9750622510910034,
            "2": 0.43661564588546753
        },
        "1": {
            "0": 0.9718418121337891,
            "1": 0.9813494682312012,
            "2": 0.476120263338089
        },
        "2": {
            "0": 0.6660397052764893,
            "1": 0.6740004420280457,
            "2": 0.9323314428329468
        }
    }
}