{
    "confidence_score": 0.9308367967605591,
    "ptm": 0.9415654540061951,
    "iptm": 0.908810555934906,
    "ligand_iptm": 0.3597923815250397,
    "protein_iptm": 0.96635502576828,
    "complex_plddt": 0.9363433718681335,
    "complex_iplddt": 0.7070006132125854,
    "complex_pde": 1.566864252090454,
    "complex_ipde": 14.059004783630371,
    "chains_ptm": {
        "0": 0.980785608291626,
        "1": 0.9795117378234863,
        "2": 0.9072242379188538
    },
    "pair_chains_iptm": {
        "0": {
            "0": 0.980785608291626,
            "1": 0.96635502576828,
            "2": 0.2897064983844757
        },
        "1": {
            "0": 0.9647888541221619,
            "1": 0.9795117378234863,
            "2": 0.2556854784488678
        },
        "2": {
            "0": 0.3590146005153656,
            "1": 0.3597923815250397,
            "2": 0.9072242379188538
        }
    }
}