{
    "confidence_score": 0.9649171233177185,
    "ptm": 0.9699399471282959,
    "iptm": 0.9619404673576355,
    "ligand_iptm": 0.9810248017311096,
    "protein_iptm": 0.9605600237846375,
    "complex_plddt": 0.9656612873077393,
    "complex_iplddt": 0.9268807172775269,
    "complex_pde": 0.31108954548835754,
    "complex_ipde": 0.48031434416770935,
    "chains_ptm": {
        "0": 0.9802833199501038,
        "1": 0.9799084663391113,
        "2": 0.9332809448242188
    },
    "pair_chains_iptm": {
        "0": {
            "0": 0.9802833199501038,
            "1": 0.9605600237846375,
            "2": 0.7615789771080017
        },
        "1": {
            "0": 0.9602448344230652,
            "1": 0.9799084663391113,
            "2": 0.6778261661529541
        },
        "2": {
            "0": 0.9810248017311096,
            "1": 0.9590760469436646,
            "2": 0.9332809448242188
        }
    }
}