{
    "confidence_score": 0.9646609425544739,
    "ptm": 0.9720180034637451,
    "iptm": 0.9645591378211975,
    "ligand_iptm": 0.978378415107727,
    "protein_iptm": 0.9634735584259033,
    "complex_plddt": 0.964686393737793,
    "complex_iplddt": 0.9232606291770935,
    "complex_pde": 0.31686916947364807,
    "complex_ipde": 0.5245049595832825,
    "chains_ptm": {
        "0": 0.9819577932357788,
        "1": 0.9815948605537415,
        "2": 0.9288936257362366
    },
    "pair_chains_iptm": {
        "0": {
            "0": 0.9819577932357788,
            "1": 0.9630229473114014,
            "2": 0.7677192687988281
        },
        "1": {
            "0": 0.9634735584259033,
            "1": 0.9815948605537415,
            "2": 0.6880475878715515
        },
        "2": {
            "0": 0.978378415107727,
            "1": 0.9598107933998108,
            "2": 0.9288936257362366
        }
    }
}