{
    "confidence_score": 0.9339025616645813,
    "ptm": 0.9498820304870605,
    "iptm": 0.9195395708084106,
    "ligand_iptm": 0.4196084141731262,
    "protein_iptm": 0.9716256856918335,
    "complex_plddt": 0.9374933242797852,
    "complex_iplddt": 0.6549918055534363,
    "complex_pde": 0.7026983499526978,
    "complex_ipde": 4.941417217254639,
    "chains_ptm": {
        "0": 0.9840158224105835,
        "1": 0.9842579364776611,
        "2": 0.776390790939331
    },
    "pair_chains_iptm": {
        "0": {
            "0": 0.9840158224105835,
            "1": 0.9716163277626038,
            "2": 0.11526331305503845
        },
        "1": {
            "0": 0.9716256856918335,
            "1": 0.9842579364776611,
            "2": 0.14321713149547577
        },
        "2": {
            "0": 0.4054267108440399,
            "1": 0.4196084141731262,
            "2": 0.776390790939331
        }
    }
}