{
    "confidence_score": 0.9648060202598572,
    "ptm": 0.968747079372406,
    "iptm": 0.9583373069763184,
    "ligand_iptm": 0.8986961245536804,
    "protein_iptm": 0.9667026996612549,
    "complex_plddt": 0.9664230942726135,
    "complex_iplddt": 0.906426191329956,
    "complex_pde": 0.5098688006401062,
    "complex_ipde": 2.596539258956909,
    "chains_ptm": {
        "0": 0.9821319580078125,
        "1": 0.9767493009567261,
        "2": 0.9617858529090881
    },
    "pair_chains_iptm": {
        "0": {
            "0": 0.9821319580078125,
            "1": 0.9667026996612549,
            "2": 0.7523629665374756
        },
        "1": {
            "0": 0.963780403137207,
            "1": 0.9767493009567261,
            "2": 0.6660686731338501
        },
        "2": {
            "0": 0.8986961245536804,
            "1": 0.8867661952972412,
            "2": 0.9617858529090881
        }
    }
}