{
    "confidence_score": 0.970061719417572,
    "ptm": 0.9734119176864624,
    "iptm": 0.9654627442359924,
    "ligand_iptm": 0.9309766292572021,
    "protein_iptm": 0.9691122174263,
    "complex_plddt": 0.9712113738059998,
    "complex_iplddt": 0.914726972579956,
    "complex_pde": 0.3337734639644623,
    "complex_ipde": 0.8166103363037109,
    "chains_ptm": {
        "0": 0.9826862215995789,
        "1": 0.9824391007423401,
        "2": 0.9007173776626587
    },
    "pair_chains_iptm": {
        "0": {
            "0": 0.9826862215995789,
            "1": 0.9688536524772644,
            "2": 0.6078042387962341
        },
        "1": {
            "0": 0.9691122174263,
            "1": 0.9824391007423401,
            "2": 0.5485938787460327
        },
        "2": {
            "0": 0.9309766292572021,
            "1": 0.92081618309021,
            "2": 0.9007173776626587
        }
    }
}