{
    "confidence_score": 0.9740923047065735,
    "ptm": 0.9750816822052002,
    "iptm": 0.9689884185791016,
    "ligand_iptm": 0.9826570153236389,
    "protein_iptm": 0.9682637453079224,
    "complex_plddt": 0.975368320941925,
    "complex_iplddt": 0.9503017067909241,
    "complex_pde": 0.31018704175949097,
    "complex_ipde": 0.4849169850349426,
    "chains_ptm": {
        "0": 0.9825971722602844,
        "1": 0.9822245836257935,
        "2": 0.9245232939720154
    },
    "pair_chains_iptm": {
        "0": {
            "0": 0.9825971722602844,
            "1": 0.9682637453079224,
            "2": 0.7690159678459167
        },
        "1": {
            "0": 0.9682587385177612,
            "1": 0.9822245836257935,
            "2": 0.6927398443222046
        },
        "2": {
            "0": 0.9826570153236389,
            "1": 0.9661062359809875,
            "2": 0.9245232939720154
        }
    }
}