{
    "confidence_score": 0.9675809741020203,
    "ptm": 0.9720304012298584,
    "iptm": 0.9643959999084473,
    "ligand_iptm": 0.9897519946098328,
    "protein_iptm": 0.9623391032218933,
    "complex_plddt": 0.9683772921562195,
    "complex_iplddt": 0.9419860243797302,
    "complex_pde": 0.2880420982837677,
    "complex_ipde": 0.3866070806980133,
    "chains_ptm": {
        "0": 0.9818091988563538,
        "1": 0.9811972975730896,
        "2": 0.9278502464294434
    },
    "pair_chains_iptm": {
        "0": {
            "0": 0.9818091988563538,
            "1": 0.9623391032218933,
            "2": 0.7742904424667358
        },
        "1": {
            "0": 0.9622390866279602,
            "1": 0.9811972975730896,
            "2": 0.6942310929298401
        },
        "2": {
            "0": 0.9897519946098328,
            "1": 0.9696656465530396,
            "2": 0.9278502464294434
        }
    }
}