{
    "confidence_score": 0.9585915803909302,
    "ptm": 0.969162106513977,
    "iptm": 0.9593434929847717,
    "ligand_iptm": 0.9368709325790405,
    "protein_iptm": 0.9630504250526428,
    "complex_plddt": 0.9584035873413086,
    "complex_iplddt": 0.8696398735046387,
    "complex_pde": 0.36845552921295166,
    "complex_ipde": 0.8960371613502502,
    "chains_ptm": {
        "0": 0.9814978241920471,
        "1": 0.9809684157371521,
        "2": 0.9196302890777588
    },
    "pair_chains_iptm": {
        "0": {
            "0": 0.9814978241920471,
            "1": 0.9630504250526428,
            "2": 0.6655711531639099
        },
        "1": {
            "0": 0.9624934792518616,
            "1": 0.9809684157371521,
            "2": 0.5560548305511475
        },
        "2": {
            "0": 0.9368709325790405,
            "1": 0.9219857454299927,
            "2": 0.9196302890777588
        }
    }
}