{
    "confidence_score": 0.9765753149986267,
    "ptm": 0.9785464406013489,
    "iptm": 0.9733360409736633,
    "ligand_iptm": 0.991369903087616,
    "protein_iptm": 0.9720776081085205,
    "complex_plddt": 0.9773850440979004,
    "complex_iplddt": 0.963444709777832,
    "complex_pde": 0.28296327590942383,
    "complex_ipde": 0.38492292165756226,
    "chains_ptm": {
        "0": 0.9850894212722778,
        "1": 0.9844652414321899,
        "2": 0.9307069778442383
    },
    "pair_chains_iptm": {
        "0": {
            "0": 0.9850894212722778,
            "1": 0.9718791842460632,
            "2": 0.808127760887146
        },
        "1": {
            "0": 0.9720776081085205,
            "1": 0.9844652414321899,
            "2": 0.7203181385993958
        },
        "2": {
            "0": 0.991369903087616,
            "1": 0.978220522403717,
            "2": 0.9307069778442383
        }
    }
}