{
    "confidence_score": 0.9566991925239563,
    "ptm": 0.9622726440429688,
    "iptm": 0.9384454488754272,
    "ligand_iptm": 0.2599688768386841,
    "protein_iptm": 0.9798423647880554,
    "complex_plddt": 0.961262583732605,
    "complex_iplddt": 0.7527368068695068,
    "complex_pde": 0.6753365397453308,
    "complex_ipde": 5.888098239898682,
    "chains_ptm": {
        "0": 0.9890841245651245,
        "1": 0.9888333678245544,
        "2": 0.9281682372093201
    },
    "pair_chains_iptm": {
        "0": {
            "0": 0.9890841245651245,
            "1": 0.9796481728553772,
            "2": 0.11353322118520737
        },
        "1": {
            "0": 0.9798423647880554,
            "1": 0.9888333678245544,
            "2": 0.12064829468727112
        },
        "2": {
            "0": 0.25714200735092163,
            "1": 0.2599688768386841,
            "2": 0.9281682372093201
        }
    }
}