{
    "confidence_score": 0.9523477554321289,
    "ptm": 0.9589102268218994,
    "iptm": 0.9421099424362183,
    "ligand_iptm": 0.8424074649810791,
    "protein_iptm": 0.9578918218612671,
    "complex_plddt": 0.954907238483429,
    "complex_iplddt": 0.8366732597351074,
    "complex_pde": 0.6906049847602844,
    "complex_ipde": 4.398318290710449,
    "chains_ptm": {
        "0": 0.9785460233688354,
        "1": 0.9791820049285889,
        "2": 0.9313408136367798
    },
    "pair_chains_iptm": {
        "0": {
            "0": 0.9785460233688354,
            "1": 0.9578918218612671,
            "2": 0.7077743411064148
        },
        "1": {
            "0": 0.9578037261962891,
            "1": 0.9791820049285889,
            "2": 0.6067306399345398
        },
        "2": {
            "0": 0.8424074649810791,
            "1": 0.8174300789833069,
            "2": 0.9313408136367798
        }
    }
}