{
    "confidence_score": 0.9677805304527283,
    "ptm": 0.972970187664032,
    "iptm": 0.9605919718742371,
    "ligand_iptm": 0.7091431021690369,
    "protein_iptm": 0.9784294962882996,
    "complex_plddt": 0.9695776104927063,
    "complex_iplddt": 0.8560768365859985,
    "complex_pde": 0.5003212094306946,
    "complex_ipde": 3.3751721382141113,
    "chains_ptm": {
        "0": 0.9877288937568665,
        "1": 0.9875754117965698,
        "2": 0.9531459808349609
    },
    "pair_chains_iptm": {
        "0": {
            "0": 0.9877288937568665,
            "1": 0.9782783389091492,
            "2": 0.43777671456336975
        },
        "1": {
            "0": 0.9784294962882996,
            "1": 0.9875754117965698,
            "2": 0.3573415279388428
        },
        "2": {
            "0": 0.7091431021690369,
            "1": 0.677549421787262,
            "2": 0.9531459808349609
        }
    }
}