{
    "confidence_score": 0.9669683575630188,
    "ptm": 0.9705098271369934,
    "iptm": 0.9545057415962219,
    "ligand_iptm": 0.5201143622398376,
    "protein_iptm": 0.9796234965324402,
    "complex_plddt": 0.9700839519500732,
    "complex_iplddt": 0.8343758583068848,
    "complex_pde": 0.6173266172409058,
    "complex_ipde": 5.009544849395752,
    "chains_ptm": {
        "0": 0.9888297915458679,
        "1": 0.9885815978050232,
        "2": 0.9299190640449524
    },
    "pair_chains_iptm": {
        "0": {
            "0": 0.9888297915458679,
            "1": 0.9796234965324402,
            "2": 0.318997323513031
        },
        "1": {
            "0": 0.9795526266098022,
            "1": 0.9885815978050232,
            "2": 0.23448793590068817
        },
        "2": {
            "0": 0.5201143622398376,
            "1": 0.4787939190864563,
            "2": 0.9299190640449524
        }
    }
}