{
    "confidence_score": 0.9551200270652771,
    "ptm": 0.9647901058197021,
    "iptm": 0.9507275223731995,
    "ligand_iptm": 0.8409761190414429,
    "protein_iptm": 0.9671651124954224,
    "complex_plddt": 0.9562181234359741,
    "complex_iplddt": 0.835214376449585,
    "complex_pde": 0.39697563648223877,
    "complex_ipde": 1.228593111038208,
    "chains_ptm": {
        "0": 0.9816126823425293,
        "1": 0.9817102551460266,
        "2": 0.8357609510421753
    },
    "pair_chains_iptm": {
        "0": {
            "0": 0.9816126823425293,
            "1": 0.9670062065124512,
            "2": 0.6103897094726562
        },
        "1": {
            "0": 0.9671651124954224,
            "1": 0.9817102551460266,
            "2": 0.5192728638648987
        },
        "2": {
            "0": 0.8409761190414429,
            "1": 0.8288649320602417,
            "2": 0.8357609510421753
        }
    }
}