{
    "confidence_score": 0.9669097065925598,
    "ptm": 0.9708654880523682,
    "iptm": 0.9628896117210388,
    "ligand_iptm": 0.9917449951171875,
    "protein_iptm": 0.9606110453605652,
    "complex_plddt": 0.9679147005081177,
    "complex_iplddt": 0.9467938542366028,
    "complex_pde": 0.28640973567962646,
    "complex_ipde": 0.3771180212497711,
    "chains_ptm": {
        "0": 0.9811273813247681,
        "1": 0.9804269671440125,
        "2": 0.9378302097320557
    },
    "pair_chains_iptm": {
        "0": {
            "0": 0.9811273813247681,
            "1": 0.9606110453605652,
            "2": 0.7758119106292725
        },
        "1": {
            "0": 0.9604552984237671,
            "1": 0.9804269671440125,
            "2": 0.6883137822151184
        },
        "2": {
            "0": 0.9917449951171875,
            "1": 0.9706876277923584,
            "2": 0.9378302097320557
        }
    }
}