{
    "confidence_score": 0.9658549427986145,
    "ptm": 0.9716855883598328,
    "iptm": 0.9632635712623596,
    "ligand_iptm": 0.9695684909820557,
    "protein_iptm": 0.963495135307312,
    "complex_plddt": 0.9665027260780334,
    "complex_iplddt": 0.9209102988243103,
    "complex_pde": 0.2984365224838257,
    "complex_ipde": 0.5349861979484558,
    "chains_ptm": {
        "0": 0.9820067286491394,
        "1": 0.9817349910736084,
        "2": 0.9446945190429688
    },
    "pair_chains_iptm": {
        "0": {
            "0": 0.9820067286491394,
            "1": 0.963495135307312,
            "2": 0.7079581022262573
        },
        "1": {
            "0": 0.9630696773529053,
            "1": 0.9817349910736084,
            "2": 0.6148806810379028
        },
        "2": {
            "0": 0.9695684909820557,
            "1": 0.952888011932373,
            "2": 0.9446945190429688
        }
    }
}