{
    "confidence_score": 0.9731786847114563,
    "ptm": 0.9768712520599365,
    "iptm": 0.9712551236152649,
    "ligand_iptm": 0.9891695380210876,
    "protein_iptm": 0.970452606678009,
    "complex_plddt": 0.9736595749855042,
    "complex_iplddt": 0.9528403878211975,
    "complex_pde": 0.295000821352005,
    "complex_ipde": 0.4185587465763092,
    "chains_ptm": {
        "0": 0.9836066961288452,
        "1": 0.9832165241241455,
        "2": 0.9726325869560242
    },
    "pair_chains_iptm": {
        "0": {
            "0": 0.9836066961288452,
            "1": 0.970452606678009,
            "2": 0.8688203692436218
        },
        "1": {
            "0": 0.9703961610794067,
            "1": 0.9832165241241455,
            "2": 0.7944648861885071
        },
        "2": {
            "0": 0.9891695380210876,
            "1": 0.9718410968780518,
            "2": 0.9726325869560242
        }
    }
}