{
    "confidence_score": 0.97285395860672,
    "ptm": 0.9756883978843689,
    "iptm": 0.969704270362854,
    "ligand_iptm": 0.9805759191513062,
    "protein_iptm": 0.9691924452781677,
    "complex_plddt": 0.9736413359642029,
    "complex_iplddt": 0.9461456537246704,
    "complex_pde": 0.30955785512924194,
    "complex_ipde": 0.5117267370223999,
    "chains_ptm": {
        "0": 0.9831855297088623,
        "1": 0.9828835129737854,
        "2": 0.9320371150970459
    },
    "pair_chains_iptm": {
        "0": {
            "0": 0.9831855297088623,
            "1": 0.9690227508544922,
            "2": 0.7780598998069763
        },
        "1": {
            "0": 0.9691924452781677,
            "1": 0.9828835129737854,
            "2": 0.6987064480781555
        },
        "2": {
            "0": 0.9805759191513062,
            "1": 0.9645273089408875,
            "2": 0.9320371150970459
        }
    }
}