{
    "confidence_score": 0.9679007530212402,
    "ptm": 0.9700185656547546,
    "iptm": 0.9616378545761108,
    "ligand_iptm": 0.990947425365448,
    "protein_iptm": 0.9594557285308838,
    "complex_plddt": 0.9694664478302002,
    "complex_iplddt": 0.9496386647224426,
    "complex_pde": 0.2868448495864868,
    "complex_ipde": 0.373505175113678,
    "chains_ptm": {
        "0": 0.9806118011474609,
        "1": 0.9798022508621216,
        "2": 0.9382304549217224
    },
    "pair_chains_iptm": {
        "0": {
            "0": 0.9806118011474609,
            "1": 0.9594557285308838,
            "2": 0.7892022132873535
        },
        "1": {
            "0": 0.9592016339302063,
            "1": 0.9798022508621216,
            "2": 0.6865039467811584
        },
        "2": {
            "0": 0.990947425365448,
            "1": 0.9690863490104675,
            "2": 0.9382304549217224
        }
    }
}