{
    "confidence_score": 0.9547731280326843,
    "ptm": 0.9629607796669006,
    "iptm": 0.9475621581077576,
    "ligand_iptm": 0.7815203666687012,
    "protein_iptm": 0.9672248363494873,
    "complex_plddt": 0.9565759301185608,
    "complex_iplddt": 0.8331332802772522,
    "complex_pde": 0.717876672744751,
    "complex_ipde": 4.876730442047119,
    "chains_ptm": {
        "0": 0.9811695218086243,
        "1": 0.9808580279350281,
        "2": 0.9215716123580933
    },
    "pair_chains_iptm": {
        "0": {
            "0": 0.9811695218086243,
            "1": 0.9661275148391724,
            "2": 0.4809230864048004
        },
        "1": {
            "0": 0.9672248363494873,
            "1": 0.9808580279350281,
            "2": 0.5740365386009216
        },
        "2": {
            "0": 0.7644168734550476,
            "1": 0.7815203666687012,
            "2": 0.9215716123580933
        }
    }
}