{
    "confidence_score": 0.9662238955497742,
    "ptm": 0.9690738320350647,
    "iptm": 0.9603822827339172,
    "ligand_iptm": 0.988294243812561,
    "protein_iptm": 0.9586451053619385,
    "complex_plddt": 0.9676843285560608,
    "complex_iplddt": 0.940657913684845,
    "complex_pde": 0.2960815727710724,
    "complex_ipde": 0.3894405961036682,
    "chains_ptm": {
        "0": 0.9803375601768494,
        "1": 0.9797468781471252,
        "2": 0.9284561276435852
    },
    "pair_chains_iptm": {
        "0": {
            "0": 0.9803375601768494,
            "1": 0.9586451053619385,
            "2": 0.7696251273155212
        },
        "1": {
            "0": 0.9579595327377319,
            "1": 0.9797468781471252,
            "2": 0.6857103109359741
        },
        "2": {
            "0": 0.988294243812561,
            "1": 0.9679614305496216,
            "2": 0.9284561276435852
        }
    }
}