{
    "confidence_score": 0.9798039793968201,
    "ptm": 0.9817599058151245,
    "iptm": 0.9759637117385864,
    "ligand_iptm": 0.92808997631073,
    "protein_iptm": 0.9800316691398621,
    "complex_plddt": 0.9807639718055725,
    "complex_iplddt": 0.9282783269882202,
    "complex_pde": 0.3123187720775604,
    "complex_ipde": 0.9811907410621643,
    "chains_ptm": {
        "0": 0.988906979560852,
        "1": 0.9886213541030884,
        "2": 0.9000291228294373
    },
    "pair_chains_iptm": {
        "0": {
            "0": 0.988906979560852,
            "1": 0.9800316691398621,
            "2": 0.5093730688095093
        },
        "1": {
            "0": 0.9798768758773804,
            "1": 0.9886213541030884,
            "2": 0.41630515456199646
        },
        "2": {
            "0": 0.92808997631073,
            "1": 0.9066407084465027,
            "2": 0.9000291228294373
        }
    }
}