{
    "confidence_score": 0.9524807333946228,
    "ptm": 0.9588611125946045,
    "iptm": 0.941209077835083,
    "ligand_iptm": 0.7607166171073914,
    "protein_iptm": 0.9585164785385132,
    "complex_plddt": 0.955298662185669,
    "complex_iplddt": 0.8164831399917603,
    "complex_pde": 0.7562729716300964,
    "complex_ipde": 5.764293670654297,
    "chains_ptm": {
        "0": 0.979150116443634,
        "1": 0.9794370532035828,
        "2": 0.9336950182914734
    },
    "pair_chains_iptm": {
        "0": {
            "0": 0.979150116443634,
            "1": 0.9585164785385132,
            "2": 0.5790938138961792
        },
        "1": {
            "0": 0.9581091403961182,
            "1": 0.9794370532035828,
            "2": 0.4867754578590393
        },
        "2": {
            "0": 0.7607166171073914,
            "1": 0.7362669706344604,
            "2": 0.9336950182914734
        }
    }
}