{
    "confidence_score": 0.9652993083000183,
    "ptm": 0.9708667397499084,
    "iptm": 0.9624189734458923,
    "ligand_iptm": 0.9800904393196106,
    "protein_iptm": 0.9619803428649902,
    "complex_plddt": 0.9660193920135498,
    "complex_iplddt": 0.932050347328186,
    "complex_pde": 0.308113157749176,
    "complex_ipde": 0.45550477504730225,
    "chains_ptm": {
        "0": 0.9814338088035583,
        "1": 0.9807032346725464,
        "2": 0.9279107451438904
    },
    "pair_chains_iptm": {
        "0": {
            "0": 0.9814338088035583,
            "1": 0.9619803428649902,
            "2": 0.7538437843322754
        },
        "1": {
            "0": 0.9609959125518799,
            "1": 0.9807032346725464,
            "2": 0.6686516404151917
        },
        "2": {
            "0": 0.9800904393196106,
            "1": 0.9601810574531555,
            "2": 0.9279107451438904
        }
    }
}