{
    "confidence_score": 0.9459258913993835,
    "ptm": 0.960464596748352,
    "iptm": 0.9433119893074036,
    "ligand_iptm": 0.7973886728286743,
    "protein_iptm": 0.9617833495140076,
    "complex_plddt": 0.9465793371200562,
    "complex_iplddt": 0.795724093914032,
    "complex_pde": 0.5495196580886841,
    "complex_ipde": 2.3382508754730225,
    "chains_ptm": {
        "0": 0.9810741543769836,
        "1": 0.9808191657066345,
        "2": 0.7947046756744385
    },
    "pair_chains_iptm": {
        "0": {
            "0": 0.9810741543769836,
            "1": 0.9616079926490784,
            "2": 0.35415950417518616
        },
        "1": {
            "0": 0.9617833495140076,
            "1": 0.9808191657066345,
            "2": 0.3003127872943878
        },
        "2": {
            "0": 0.7973886728286743,
            "1": 0.7818111181259155,
            "2": 0.7947046756744385
        }
    }
}