{
    "confidence_score": 0.9585811495780945,
    "ptm": 0.9636456370353699,
    "iptm": 0.9512352347373962,
    "ligand_iptm": 0.9215101599693298,
    "protein_iptm": 0.9569483399391174,
    "complex_plddt": 0.960417628288269,
    "complex_iplddt": 0.8864856958389282,
    "complex_pde": 0.4679328501224518,
    "complex_ipde": 2.132594347000122,
    "chains_ptm": {
        "0": 0.9784328937530518,
        "1": 0.9791682958602905,
        "2": 0.9311022758483887
    },
    "pair_chains_iptm": {
        "0": {
            "0": 0.9784328937530518,
            "1": 0.9553572535514832,
            "2": 0.678959310054779
        },
        "1": {
            "0": 0.9569483399391174,
            "1": 0.9791682958602905,
            "2": 0.7698721289634705
        },
        "2": {
            "0": 0.903628408908844,
            "1": 0.9215101599693298,
            "2": 0.9311022758483887
        }
    }
}