{
    "confidence_score": 0.9807524085044861,
    "ptm": 0.9815091490745544,
    "iptm": 0.9769279360771179,
    "ligand_iptm": 0.9745758175849915,
    "protein_iptm": 0.977833092212677,
    "complex_plddt": 0.9817085266113281,
    "complex_iplddt": 0.9530631899833679,
    "complex_pde": 0.28938138484954834,
    "complex_ipde": 0.5965306162834167,
    "chains_ptm": {
        "0": 0.9874777793884277,
        "1": 0.9876846671104431,
        "2": 0.949832558631897
    },
    "pair_chains_iptm": {
        "0": {
            "0": 0.9874777793884277,
            "1": 0.9776651263237,
            "2": 0.5612486004829407
        },
        "1": {
            "0": 0.977833092212677,
            "1": 0.9876846671104431,
            "2": 0.6414806246757507
        },
        "2": {
            "0": 0.9636632204055786,
            "1": 0.9745758175849915,
            "2": 0.949832558631897
        }
    }
}