{
    "confidence_score": 0.9715558290481567,
    "ptm": 0.97450852394104,
    "iptm": 0.9674921631813049,
    "ligand_iptm": 0.9585282206535339,
    "protein_iptm": 0.9688568711280823,
    "complex_plddt": 0.9725716710090637,
    "complex_iplddt": 0.9301060438156128,
    "complex_pde": 0.3139127194881439,
    "complex_ipde": 0.5915337800979614,
    "chains_ptm": {
        "0": 0.9826281666755676,
        "1": 0.9822359681129456,
        "2": 0.9241824150085449
    },
    "pair_chains_iptm": {
        "0": {
            "0": 0.9826281666755676,
            "1": 0.9686547517776489,
            "2": 0.7213937044143677
        },
        "1": {
            "0": 0.9688568711280823,
            "1": 0.9822359681129456,
            "2": 0.6292112469673157
        },
        "2": {
            "0": 0.9585282206535339,
            "1": 0.9460787773132324,
            "2": 0.9241824150085449
        }
    }
}