{
    "confidence_score": 0.9641593098640442,
    "ptm": 0.9660205245018005,
    "iptm": 0.952725887298584,
    "ligand_iptm": 0.8436608910560608,
    "protein_iptm": 0.9652953147888184,
    "complex_plddt": 0.967017650604248,
    "complex_iplddt": 0.8998159170150757,
    "complex_pde": 0.6169530153274536,
    "complex_ipde": 3.8439464569091797,
    "chains_ptm": {
        "0": 0.9807413220405579,
        "1": 0.9792470335960388,
        "2": 0.9624855518341064
    },
    "pair_chains_iptm": {
        "0": {
            "0": 0.9807413220405579,
            "1": 0.9652953147888184,
            "2": 0.6997838616371155
        },
        "1": {
            "0": 0.9650057554244995,
            "1": 0.9792470335960388,
            "2": 0.6136059165000916
        },
        "2": {
            "0": 0.8436608910560608,
            "1": 0.8203633427619934,
            "2": 0.9624855518341064
        }
    }
}