{
    "confidence_score": 0.9669730067253113,
    "ptm": 0.9699236154556274,
    "iptm": 0.9616150259971619,
    "ligand_iptm": 0.9915753602981567,
    "protein_iptm": 0.9592649936676025,
    "complex_plddt": 0.9683125019073486,
    "complex_iplddt": 0.9479708671569824,
    "complex_pde": 0.2860215902328491,
    "complex_ipde": 0.3732805550098419,
    "chains_ptm": {
        "0": 0.9808303713798523,
        "1": 0.9800458550453186,
        "2": 0.9318827986717224
    },
    "pair_chains_iptm": {
        "0": {
            "0": 0.9808303713798523,
            "1": 0.9592649936676025,
            "2": 0.7713889479637146
        },
        "1": {
            "0": 0.9589349031448364,
            "1": 0.9800458550453186,
            "2": 0.6906481981277466
        },
        "2": {
            "0": 0.9915753602981567,
            "1": 0.9708665013313293,
            "2": 0.9318827986717224
        }
    }
}