{
    "confidence_score": 0.98321133852005,
    "ptm": 0.9827739000320435,
    "iptm": 0.9790297746658325,
    "ligand_iptm": 0.9877758026123047,
    "protein_iptm": 0.978900134563446,
    "complex_plddt": 0.9842567443847656,
    "complex_iplddt": 0.967849850654602,
    "complex_pde": 0.2736993730068207,
    "complex_ipde": 0.4242797791957855,
    "chains_ptm": {
        "0": 0.9883336424827576,
        "1": 0.9880043864250183,
        "2": 0.9591842889785767
    },
    "pair_chains_iptm": {
        "0": {
            "0": 0.9883336424827576,
            "1": 0.9785426259040833,
            "2": 0.7543807625770569
        },
        "1": {
            "0": 0.978900134563446,
            "1": 0.9880043864250183,
            "2": 0.6664459705352783
        },
        "2": {
            "0": 0.9877758026123047,
            "1": 0.9784789681434631,
            "2": 0.9591842889785767
        }
    }
}