{
    "confidence_score": 0.9625492095947266,
    "ptm": 0.9690617918968201,
    "iptm": 0.9589475989341736,
    "ligand_iptm": 0.9062632918357849,
    "protein_iptm": 0.9674988985061646,
    "complex_plddt": 0.9634495973587036,
    "complex_iplddt": 0.9091432094573975,
    "complex_pde": 0.5203860998153687,
    "complex_ipde": 2.4568185806274414,
    "chains_ptm": {
        "0": 0.982040286064148,
        "1": 0.9775113463401794,
        "2": 0.9140734672546387
    },
    "pair_chains_iptm": {
        "0": {
            "0": 0.982040286064148,
            "1": 0.9674988985061646,
            "2": 0.7267274856567383
        },
        "1": {
            "0": 0.9647795557975769,
            "1": 0.9775113463401794,
            "2": 0.65727698802948
        },
        "2": {
            "0": 0.9062632918357849,
            "1": 0.8954415917396545,
            "2": 0.9140734672546387
        }
    }
}