{
    "confidence_score": 0.9668871760368347,
    "ptm": 0.9723939299583435,
    "iptm": 0.9649619460105896,
    "ligand_iptm": 0.985832691192627,
    "protein_iptm": 0.9635640382766724,
    "complex_plddt": 0.9673685431480408,
    "complex_iplddt": 0.9377137422561646,
    "complex_pde": 0.2954012453556061,
    "complex_ipde": 0.4026930332183838,
    "chains_ptm": {
        "0": 0.9821393489837646,
        "1": 0.9818279147148132,
        "2": 0.9327021241188049
    },
    "pair_chains_iptm": {
        "0": {
            "0": 0.9821393489837646,
            "1": 0.9635640382766724,
            "2": 0.78251713514328
        },
        "1": {
            "0": 0.9629960656166077,
            "1": 0.9818279147148132,
            "2": 0.7053613066673279
        },
        "2": {
            "0": 0.985832691192627,
            "1": 0.9669513702392578,
            "2": 0.9327021241188049
        }
    }
}