{
    "confidence_score": 0.9640718698501587,
    "ptm": 0.97133469581604,
    "iptm": 0.9631167650222778,
    "ligand_iptm": 0.9765084385871887,
    "protein_iptm": 0.9624200463294983,
    "complex_plddt": 0.9643105864524841,
    "complex_iplddt": 0.9231489896774292,
    "complex_pde": 0.30605778098106384,
    "complex_ipde": 0.5493548512458801,
    "chains_ptm": {
        "0": 0.9817674160003662,
        "1": 0.9812677502632141,
        "2": 0.9514061808586121
    },
    "pair_chains_iptm": {
        "0": {
            "0": 0.9817674160003662,
            "1": 0.9624200463294983,
            "2": 0.7719435691833496
        },
        "1": {
            "0": 0.9621086716651917,
            "1": 0.9812677502632141,
            "2": 0.673697292804718
        },
        "2": {
            "0": 0.9765084385871887,
            "1": 0.9552674889564514,
            "2": 0.9514061808586121
        }
    }
}