{
    "confidence_score": 0.9751846194267273,
    "ptm": 0.9758265018463135,
    "iptm": 0.9700372815132141,
    "ligand_iptm": 0.9879266023635864,
    "protein_iptm": 0.9691134095191956,
    "complex_plddt": 0.9764714241027832,
    "complex_iplddt": 0.9585352540016174,
    "complex_pde": 0.2954491078853607,
    "complex_ipde": 0.43754851818084717,
    "chains_ptm": {
        "0": 0.982822835445404,
        "1": 0.9827184677124023,
        "2": 0.93300861120224
    },
    "pair_chains_iptm": {
        "0": {
            "0": 0.982822835445404,
            "1": 0.9691134095191956,
            "2": 0.7841582298278809
        },
        "1": {
            "0": 0.9689456224441528,
            "1": 0.9827184677124023,
            "2": 0.716137707233429
        },
        "2": {
            "0": 0.9879266023635864,
            "1": 0.9721474051475525,
            "2": 0.93300861120224
        }
    }
}