{
    "confidence_score": 0.9622837901115417,
    "ptm": 0.9696142673492432,
    "iptm": 0.9607143998146057,
    "ligand_iptm": 0.957466185092926,
    "protein_iptm": 0.9618359804153442,
    "complex_plddt": 0.9626761674880981,
    "complex_iplddt": 0.9050871133804321,
    "complex_pde": 0.3163112998008728,
    "complex_ipde": 0.6953375935554504,
    "chains_ptm": {
        "0": 0.9806071519851685,
        "1": 0.9806956648826599,
        "2": 0.9130586981773376
    },
    "pair_chains_iptm": {
        "0": {
            "0": 0.9806071519851685,
            "1": 0.9612902402877808,
            "2": 0.5212268233299255
        },
        "1": {
            "0": 0.9618359804153442,
            "1": 0.9806956648826599,
            "2": 0.5849777460098267
        },
        "2": {
            "0": 0.9390840530395508,
            "1": 0.957466185092926,
            "2": 0.9130586981773376
        }
    }
}