{
    "confidence_score": 0.9605621695518494,
    "ptm": 0.9707320332527161,
    "iptm": 0.9623051881790161,
    "ligand_iptm": 0.9597460627555847,
    "protein_iptm": 0.9636316895484924,
    "complex_plddt": 0.9601263403892517,
    "complex_iplddt": 0.8905399441719055,
    "complex_pde": 0.33399054408073425,
    "complex_ipde": 0.6713197231292725,
    "chains_ptm": {
        "0": 0.9814180135726929,
        "1": 0.9814110398292542,
        "2": 0.9359931945800781
    },
    "pair_chains_iptm": {
        "0": {
            "0": 0.9814180135726929,
            "1": 0.9636316895484924,
            "2": 0.7335090041160583
        },
        "1": {
            "0": 0.9630364775657654,
            "1": 0.9814110398292542,
            "2": 0.6304348707199097
        },
        "2": {
            "0": 0.9597460627555847,
            "1": 0.9426187872886658,
            "2": 0.9359931945800781
        }
    }
}