{
    "confidence_score": 0.9571506381034851,
    "ptm": 0.9621958136558533,
    "iptm": 0.9372730851173401,
    "ligand_iptm": 0.17637135088443756,
    "protein_iptm": 0.9813390970230103,
    "complex_plddt": 0.962119996547699,
    "complex_iplddt": 0.7593580484390259,
    "complex_pde": 0.71851646900177,
    "complex_ipde": 6.468132495880127,
    "chains_ptm": {
        "0": 0.9897385835647583,
        "1": 0.9895525574684143,
        "2": 0.8977096080780029
    },
    "pair_chains_iptm": {
        "0": {
            "0": 0.9897385835647583,
            "1": 0.9813390970230103,
            "2": 0.10379171371459961
        },
        "1": {
            "0": 0.9812939167022705,
            "1": 0.9895525574684143,
            "2": 0.08468388020992279
        },
        "2": {
            "0": 0.17637135088443756,
            "1": 0.16414488852024078,
            "2": 0.8977096080780029
        }
    }
}