{
    "confidence_score": 0.9673930406570435,
    "ptm": 0.9721843600273132,
    "iptm": 0.9641855359077454,
    "ligand_iptm": 0.9854630827903748,
    "protein_iptm": 0.9631023406982422,
    "complex_plddt": 0.9681949019432068,
    "complex_iplddt": 0.9366801381111145,
    "complex_pde": 0.28171440958976746,
    "complex_ipde": 0.4364394247531891,
    "chains_ptm": {
        "0": 0.9820041060447693,
        "1": 0.9818588495254517,
        "2": 0.9506108164787292
    },
    "pair_chains_iptm": {
        "0": {
            "0": 0.9820041060447693,
            "1": 0.9627943634986877,
            "2": 0.7060542106628418
        },
        "1": {
            "0": 0.9631023406982422,
            "1": 0.9818588495254517,
            "2": 0.603380560874939
        },
        "2": {
            "0": 0.9854630827903748,
            "1": 0.9677202701568604,
            "2": 0.9506108164787292
        }
    }
}