{
    "confidence_score": 0.9714771509170532,
    "ptm": 0.9753989577293396,
    "iptm": 0.9654980301856995,
    "ligand_iptm": 0.840698778629303,
    "protein_iptm": 0.9770486950874329,
    "complex_plddt": 0.9729718565940857,
    "complex_iplddt": 0.8889552354812622,
    "complex_pde": 0.4488593339920044,
    "complex_ipde": 2.380199432373047,
    "chains_ptm": {
        "0": 0.9869764447212219,
        "1": 0.9869394898414612,
        "2": 0.9372947216033936
    },
    "pair_chains_iptm": {
        "0": {
            "0": 0.9869764447212219,
            "1": 0.9766506552696228,
            "2": 0.5434117913246155
        },
        "1": {
            "0": 0.9770486950874329,
            "1": 0.9869394898414612,
            "2": 0.4520080089569092
        },
        "2": {
            "0": 0.840698778629303,
            "1": 0.8194053769111633,
            "2": 0.9372947216033936
        }
    }
}