{
    "confidence_score": 0.975029468536377,
    "ptm": 0.9756860733032227,
    "iptm": 0.969860315322876,
    "ligand_iptm": 0.9867262840270996,
    "protein_iptm": 0.9686851501464844,
    "complex_plddt": 0.9763217568397522,
    "complex_iplddt": 0.9569599032402039,
    "complex_pde": 0.302261084318161,
    "complex_ipde": 0.45811066031455994,
    "chains_ptm": {
        "0": 0.9830124378204346,
        "1": 0.9827159643173218,
        "2": 0.9267578125
    },
    "pair_chains_iptm": {
        "0": {
            "0": 0.9830124378204346,
            "1": 0.9686851501464844,
            "2": 0.7652770280838013
        },
        "1": {
            "0": 0.9686519503593445,
            "1": 0.9827159643173218,
            "2": 0.6934835314750671
        },
        "2": {
            "0": 0.9867262840270996,
            "1": 0.9696723222732544,
            "2": 0.9267578125
        }
    }
}