{
    "confidence_score": 0.9553154110908508,
    "ptm": 0.9603593945503235,
    "iptm": 0.9345771074295044,
    "ligand_iptm": 0.1816350668668747,
    "protein_iptm": 0.9808928966522217,
    "complex_plddt": 0.9605000019073486,
    "complex_iplddt": 0.7458785772323608,
    "complex_pde": 0.762231707572937,
    "complex_ipde": 7.045087814331055,
    "chains_ptm": {
        "0": 0.9891893267631531,
        "1": 0.9892365336418152,
        "2": 0.8700299263000488
    },
    "pair_chains_iptm": {
        "0": {
            "0": 0.9891893267631531,
            "1": 0.9808928966522217,
            "2": 0.1034325584769249
        },
        "1": {
            "0": 0.980798602104187,
            "1": 0.9892365336418152,
            "2": 0.08939056843519211
        },
        "2": {
            "0": 0.1816350668668747,
            "1": 0.16615080833435059,
            "2": 0.8700299263000488
        }
    }
}