{
    "confidence_score": 0.9751787185668945,
    "ptm": 0.9757974147796631,
    "iptm": 0.9698159694671631,
    "ligand_iptm": 0.9915643334388733,
    "protein_iptm": 0.9682731032371521,
    "complex_plddt": 0.9765193462371826,
    "complex_iplddt": 0.9615966081619263,
    "complex_pde": 0.2866532802581787,
    "complex_ipde": 0.4126345217227936,
    "chains_ptm": {
        "0": 0.9829838275909424,
        "1": 0.9826611876487732,
        "2": 0.9363400340080261
    },
    "pair_chains_iptm": {
        "0": {
            "0": 0.9829838275909424,
            "1": 0.9680817127227783,
            "2": 0.7937847971916199
        },
        "1": {
            "0": 0.9682731032371521,
            "1": 0.9826611876487732,
            "2": 0.6976612210273743
        },
        "2": {
            "0": 0.9915643334388733,
            "1": 0.9757370352745056,
            "2": 0.9363400340080261
        }
    }
}