{
    "confidence_score": 0.9776405692100525,
    "ptm": 0.9806128740310669,
    "iptm": 0.9754363894462585,
    "ligand_iptm": 0.9736694097518921,
    "protein_iptm": 0.9760000705718994,
    "complex_plddt": 0.978191614151001,
    "complex_iplddt": 0.9466533660888672,
    "complex_pde": 0.2881973385810852,
    "complex_ipde": 0.5277041792869568,
    "chains_ptm": {
        "0": 0.9867715835571289,
        "1": 0.9865128397941589,
        "2": 0.9624977707862854
    },
    "pair_chains_iptm": {
        "0": {
            "0": 0.9867715835571289,
            "1": 0.9759833812713623,
            "2": 0.6730753779411316
        },
        "1": {
            "0": 0.9760000705718994,
            "1": 0.9865128397941589,
            "2": 0.593007504940033
        },
        "2": {
            "0": 0.9736694097518921,
            "1": 0.9632846713066101,
            "2": 0.9624977707862854
        }
    }
}