{
    "confidence_score": 0.9679834246635437,
    "ptm": 0.9712561368942261,
    "iptm": 0.9629199504852295,
    "ligand_iptm": 0.9891334176063538,
    "protein_iptm": 0.9613317251205444,
    "complex_plddt": 0.9692493677139282,
    "complex_iplddt": 0.9483480453491211,
    "complex_pde": 0.29319053888320923,
    "complex_ipde": 0.3713489770889282,
    "chains_ptm": {
        "0": 0.9814683794975281,
        "1": 0.9809995293617249,
        "2": 0.9709184169769287
    },
    "pair_chains_iptm": {
        "0": {
            "0": 0.9814683794975281,
            "1": 0.9613317251205444,
            "2": 0.8543733358383179
        },
        "1": {
            "0": 0.9607908725738525,
            "1": 0.9809995293617249,
            "2": 0.7689052820205688
        },
        "2": {
            "0": 0.9891334176063538,
            "1": 0.968258798122406,
            "2": 0.9709184169769287
        }
    }
}