{
    "confidence_score": 0.9585046768188477,
    "ptm": 0.9647561311721802,
    "iptm": 0.9495055675506592,
    "ligand_iptm": 0.7856754064559937,
    "protein_iptm": 0.9677268266677856,
    "complex_plddt": 0.96075439453125,
    "complex_iplddt": 0.8480813503265381,
    "complex_pde": 0.7432588338851929,
    "complex_ipde": 5.173212051391602,
    "chains_ptm": {
        "0": 0.9820386171340942,
        "1": 0.9812144637107849,
        "2": 0.9552348852157593
    },
    "pair_chains_iptm": {
        "0": {
            "0": 0.9820386171340942,
            "1": 0.9674546718597412,
            "2": 0.5462448000907898
        },
        "1": {
            "0": 0.9677268266677856,
            "1": 0.9812144637107849,
            "2": 0.6264441609382629
        },
        "2": {
            "0": 0.763148307800293,
            "1": 0.7856754064559937,
            "2": 0.9552348852157593
        }
    }
}