{
    "confidence_score": 0.9682533144950867,
    "ptm": 0.9714378714561462,
    "iptm": 0.9637594819068909,
    "ligand_iptm": 0.9910836219787598,
    "protein_iptm": 0.9617617726325989,
    "complex_plddt": 0.9693767428398132,
    "complex_iplddt": 0.9453460574150085,
    "complex_pde": 0.2881860136985779,
    "complex_ipde": 0.3685542643070221,
    "chains_ptm": {
        "0": 0.9812228679656982,
        "1": 0.980559766292572,
        "2": 0.9302163124084473
    },
    "pair_chains_iptm": {
        "0": {
            "0": 0.9812228679656982,
            "1": 0.9617617726325989,
            "2": 0.7683392763137817
        },
        "1": {
            "0": 0.9613863229751587,
            "1": 0.980559766292572,
            "2": 0.6910783052444458
        },
        "2": {
            "0": 0.9910836219787598,
            "1": 0.970812201499939,
            "2": 0.9302163124084473
        }
    }
}