{
    "confidence_score": 0.934360146522522,
    "ptm": 0.94143146276474,
    "iptm": 0.9095537066459656,
    "ligand_iptm": 0.39098039269447327,
    "protein_iptm": 0.9654906392097473,
    "complex_plddt": 0.9405617713928223,
    "complex_iplddt": 0.7255299687385559,
    "complex_pde": 1.5493183135986328,
    "complex_ipde": 13.089641571044922,
    "chains_ptm": {
        "0": 0.97987300157547,
        "1": 0.9794095158576965,
        "2": 0.897480309009552
    },
    "pair_chains_iptm": {
        "0": {
            "0": 0.97987300157547,
            "1": 0.9654906392097473,
            "2": 0.3133225739002228
        },
        "1": {
            "0": 0.96439129114151,
            "1": 0.9794095158576965,
            "2": 0.27922138571739197
        },
        "2": {
            "0": 0.3859240412712097,
            "1": 0.39098039269447327,
            "2": 0.897480309009552
        }
    }
}