{
    "confidence_score": 0.9658269882202148,
    "ptm": 0.9710580706596375,
    "iptm": 0.9630661606788635,
    "ligand_iptm": 0.9851211905479431,
    "protein_iptm": 0.9618054032325745,
    "complex_plddt": 0.9665171504020691,
    "complex_iplddt": 0.931661069393158,
    "complex_pde": 0.2950485944747925,
    "complex_ipde": 0.422628253698349,
    "chains_ptm": {
        "0": 0.9814276695251465,
        "1": 0.9811261296272278,
        "2": 0.9237849712371826
    },
    "pair_chains_iptm": {
        "0": {
            "0": 0.9814276695251465,
            "1": 0.9618054032325745,
            "2": 0.7653332352638245
        },
        "1": {
            "0": 0.9611291289329529,
            "1": 0.9811261296272278,
            "2": 0.6832476854324341
        },
        "2": {
            "0": 0.9851211905479431,
            "1": 0.9653054475784302,
            "2": 0.9237849712371826
        }
    }
}