{
    "confidence_score": 0.9645247459411621,
    "ptm": 0.9716940522193909,
    "iptm": 0.9637578725814819,
    "ligand_iptm": 0.9806238412857056,
    "protein_iptm": 0.9622713923454285,
    "complex_plddt": 0.9647164940834045,
    "complex_iplddt": 0.9251825213432312,
    "complex_pde": 0.3141767084598541,
    "complex_ipde": 0.48315441608428955,
    "chains_ptm": {
        "0": 0.9820036888122559,
        "1": 0.9812926054000854,
        "2": 0.9272252917289734
    },
    "pair_chains_iptm": {
        "0": {
            "0": 0.9820036888122559,
            "1": 0.9621801376342773,
            "2": 0.7727074027061462
        },
        "1": {
            "0": 0.9622713923454285,
            "1": 0.9812926054000854,
            "2": 0.6900740265846252
        },
        "2": {
            "0": 0.9806238412857056,
            "1": 0.9620622992515564,
            "2": 0.9272252917289734
        }
    }
}