{
    "confidence_score": 0.9752562642097473,
    "ptm": 0.9759892225265503,
    "iptm": 0.9699574112892151,
    "ligand_iptm": 0.9812619090080261,
    "protein_iptm": 0.9696024656295776,
    "complex_plddt": 0.9765809774398804,
    "complex_iplddt": 0.9504434466362,
    "complex_pde": 0.29299142956733704,
    "complex_ipde": 0.5133730173110962,
    "chains_ptm": {
        "0": 0.9829257726669312,
        "1": 0.982713520526886,
        "2": 0.9471865296363831
    },
    "pair_chains_iptm": {
        "0": {
            "0": 0.9829257726669312,
            "1": 0.9692158699035645,
            "2": 0.731696367263794
        },
        "1": {
            "0": 0.9696024656295776,
            "1": 0.982713520526886,
            "2": 0.6277859210968018
        },
        "2": {
            "0": 0.9812619090080261,
            "1": 0.966797411441803,
            "2": 0.9471865296363831
        }
    }
}