{
    "confidence_score": 0.9759344458580017,
    "ptm": 0.9755464196205139,
    "iptm": 0.9696900248527527,
    "ligand_iptm": 0.9921786189079285,
    "protein_iptm": 0.9678735136985779,
    "complex_plddt": 0.9774954915046692,
    "complex_iplddt": 0.9647676944732666,
    "complex_pde": 0.28749680519104004,
    "complex_ipde": 0.4263279139995575,
    "chains_ptm": {
        "0": 0.9827147722244263,
        "1": 0.9819483757019043,
        "2": 0.9339389204978943
    },
    "pair_chains_iptm": {
        "0": {
            "0": 0.9827147722244263,
            "1": 0.9675148725509644,
            "2": 0.7884857058525085
        },
        "1": {
            "0": 0.9678735136985779,
            "1": 0.9819483757019043,
            "2": 0.698133111000061
        },
        "2": {
            "0": 0.9921786189079285,
            "1": 0.9742192625999451,
            "2": 0.9339389204978943
        }
    }
}