{
    "confidence_score": 0.9672404527664185,
    "ptm": 0.9721013307571411,
    "iptm": 0.964729905128479,
    "ligand_iptm": 0.9849178791046143,
    "protein_iptm": 0.9629184007644653,
    "complex_plddt": 0.9678680896759033,
    "complex_iplddt": 0.9385032653808594,
    "complex_pde": 0.30050867795944214,
    "complex_ipde": 0.4192454516887665,
    "chains_ptm": {
        "0": 0.9815800786018372,
        "1": 0.9811179637908936,
        "2": 0.9331213235855103
    },
    "pair_chains_iptm": {
        "0": {
            "0": 0.9815800786018372,
            "1": 0.9626747965812683,
            "2": 0.7835565209388733
        },
        "1": {
            "0": 0.9629184007644653,
            "1": 0.9811179637908936,
            "2": 0.7033826112747192
        },
        "2": {
            "0": 0.9849178791046143,
            "1": 0.9641063213348389,
            "2": 0.9331213235855103
        }
    }
}