{
    "confidence_score": 0.9707874655723572,
    "ptm": 0.9739118218421936,
    "iptm": 0.9610815644264221,
    "ligand_iptm": 0.5319594740867615,
    "protein_iptm": 0.9806604981422424,
    "complex_plddt": 0.9732138514518738,
    "complex_iplddt": 0.8539156913757324,
    "complex_pde": 0.5293400287628174,
    "complex_ipde": 4.2434210777282715,
    "chains_ptm": {
        "0": 0.9890725016593933,
        "1": 0.9888349771499634,
        "2": 0.9379969835281372
    },
    "pair_chains_iptm": {
        "0": {
            "0": 0.9890725016593933,
            "1": 0.9806604981422424,
            "2": 0.21724984049797058
        },
        "1": {
            "0": 0.9805598258972168,
            "1": 0.9888349771499634,
            "2": 0.1366603523492813
        },
        "2": {
            "0": 0.5319594740867615,
            "1": 0.4723609983921051,
            "2": 0.9379969835281372
        }
    }
}