{
    "confidence_score": 0.9391107559204102,
    "ptm": 0.9468138813972473,
    "iptm": 0.919826328754425,
    "ligand_iptm": 0.5305945873260498,
    "protein_iptm": 0.964794397354126,
    "complex_plddt": 0.9439318776130676,
    "complex_iplddt": 0.7719724774360657,
    "complex_pde": 1.2717304229736328,
    "complex_ipde": 10.144009590148926,
    "chains_ptm": {
        "0": 0.9795179963111877,
        "1": 0.9784091711044312,
        "2": 0.9090889692306519
    },
    "pair_chains_iptm": {
        "0": {
            "0": 0.9795179963111877,
            "1": 0.964794397354126,
            "2": 0.3987765312194824
        },
        "1": {
            "0": 0.9643663763999939,
            "1": 0.9784091711044312,
            "2": 0.3576119542121887
        },
        "2": {
            "0": 0.5305945873260498,
            "1": 0.5282370448112488,
            "2": 0.9090889692306519
        }
    }
}