{
    "confidence_score": 0.9569066166877747,
    "ptm": 0.9605275988578796,
    "iptm": 0.9463984370231628,
    "ligand_iptm": 0.725806474685669,
    "protein_iptm": 0.9678201079368591,
    "complex_plddt": 0.95953369140625,
    "complex_iplddt": 0.862108051776886,
    "complex_pde": 0.860528826713562,
    "complex_ipde": 6.242933750152588,
    "chains_ptm": {
        "0": 0.9812174439430237,
        "1": 0.9771779775619507,
        "2": 0.9254116415977478
    },
    "pair_chains_iptm": {
        "0": {
            "0": 0.9812174439430237,
            "1": 0.9678201079368591,
            "2": 0.5518720746040344
        },
        "1": {
            "0": 0.9637381434440613,
            "1": 0.9771779775619507,
            "2": 0.48883652687072754
        },
        "2": {
            "0": 0.725806474685669,
            "1": 0.7102694511413574,
            "2": 0.9254116415977478
        }
    }
}