{
    "confidence_score": 0.9653834700584412,
    "ptm": 0.9706301093101501,
    "iptm": 0.9545037150382996,
    "ligand_iptm": 0.556507408618927,
    "protein_iptm": 0.9797506928443909,
    "complex_plddt": 0.9681033492088318,
    "complex_iplddt": 0.8257448077201843,
    "complex_pde": 0.6252365708351135,
    "complex_ipde": 4.998879432678223,
    "chains_ptm": {
        "0": 0.9888817667961121,
        "1": 0.9884918332099915,
        "2": 0.9266119599342346
    },
    "pair_chains_iptm": {
        "0": {
            "0": 0.9888817667961121,
            "1": 0.9797506928443909,
            "2": 0.42739295959472656
        },
        "1": {
            "0": 0.9797046184539795,
            "1": 0.9884918332099915,
            "2": 0.3370648920536041
        },
        "2": {
            "0": 0.556507408618927,
            "1": 0.5289837121963501,
            "2": 0.9266119599342346
        }
    }
}