{
    "confidence_score": 0.9586307406425476,
    "ptm": 0.9641661643981934,
    "iptm": 0.9491755366325378,
    "ligand_iptm": 0.7807446718215942,
    "protein_iptm": 0.9670679569244385,
    "complex_plddt": 0.96099454164505,
    "complex_iplddt": 0.8641596436500549,
    "complex_pde": 0.6985829472541809,
    "complex_ipde": 4.704294681549072,
    "chains_ptm": {
        "0": 0.9812411069869995,
        "1": 0.9796839356422424,
        "2": 0.9319513440132141
    },
    "pair_chains_iptm": {
        "0": {
            "0": 0.9812411069869995,
            "1": 0.9670679569244385,
            "2": 0.6254091858863831
        },
        "1": {
            "0": 0.9661282896995544,
            "1": 0.9796839356422424,
            "2": 0.551910936832428
        },
        "2": {
            "0": 0.7807446718215942,
            "1": 0.7559115290641785,
            "2": 0.9319513440132141
        }
    }
}