{
    "confidence_score": 0.974011242389679,
    "ptm": 0.9746196866035461,
    "iptm": 0.9683253765106201,
    "ligand_iptm": 0.9829134345054626,
    "protein_iptm": 0.9674510359764099,
    "complex_plddt": 0.9754326343536377,
    "complex_iplddt": 0.9532535672187805,
    "complex_pde": 0.30054593086242676,
    "complex_ipde": 0.4858608841896057,
    "chains_ptm": {
        "0": 0.9821997284889221,
        "1": 0.981814444065094,
        "2": 0.9186790585517883
    },
    "pair_chains_iptm": {
        "0": {
            "0": 0.9821997284889221,
            "1": 0.9668434858322144,
            "2": 0.7411673069000244
        },
        "1": {
            "0": 0.9674510359764099,
            "1": 0.981814444065094,
            "2": 0.6632516980171204
        },
        "2": {
            "0": 0.9829134345054626,
            "1": 0.9665085673332214,
            "2": 0.9186790585517883
        }
    }
}