{
    "confidence_score": 0.9761318564414978,
    "ptm": 0.975168764591217,
    "iptm": 0.9693867564201355,
    "ligand_iptm": 0.9918996095657349,
    "protein_iptm": 0.9677570462226868,
    "complex_plddt": 0.9778180718421936,
    "complex_iplddt": 0.9673065543174744,
    "complex_pde": 0.2904791533946991,
    "complex_ipde": 0.4419572353363037,
    "chains_ptm": {
        "0": 0.9822092652320862,
        "1": 0.9817202687263489,
        "2": 0.9363446831703186
    },
    "pair_chains_iptm": {
        "0": {
            "0": 0.9822092652320862,
            "1": 0.9677570462226868,
            "2": 0.7777336835861206
        },
        "1": {
            "0": 0.9677449464797974,
            "1": 0.9817202687263489,
            "2": 0.695151686668396
        },
        "2": {
            "0": 0.9918996095657349,
            "1": 0.9744568467140198,
            "2": 0.9363446831703186
        }
    }
}