{
    "confidence_score": 0.9665535092353821,
    "ptm": 0.9695965647697449,
    "iptm": 0.9610648155212402,
    "ligand_iptm": 0.9885513186454773,
    "protein_iptm": 0.9594023823738098,
    "complex_plddt": 0.9679256081581116,
    "complex_iplddt": 0.9401615262031555,
    "complex_pde": 0.2932797074317932,
    "complex_ipde": 0.3979433476924896,
    "chains_ptm": {
        "0": 0.9806084632873535,
        "1": 0.9802652597427368,
        "2": 0.9273961186408997
    },
    "pair_chains_iptm": {
        "0": {
            "0": 0.9806084632873535,
            "1": 0.9594023823738098,
            "2": 0.7802726030349731
        },
        "1": {
            "0": 0.9586564898490906,
            "1": 0.9802652597427368,
            "2": 0.7002403140068054
        },
        "2": {
            "0": 0.9885513186454773,
            "1": 0.9676505923271179,
            "2": 0.9273961186408997
        }
    }
}