{
    "confidence_score": 0.9649085998535156,
    "ptm": 0.9686640501022339,
    "iptm": 0.9522266387939453,
    "ligand_iptm": 0.5827496647834778,
    "protein_iptm": 0.9782363772392273,
    "complex_plddt": 0.9680790901184082,
    "complex_iplddt": 0.8284552097320557,
    "complex_pde": 0.6624704599380493,
    "complex_ipde": 5.25120210647583,
    "chains_ptm": {
        "0": 0.9879185557365417,
        "1": 0.9878398776054382,
        "2": 0.9110979437828064
    },
    "pair_chains_iptm": {
        "0": {
            "0": 0.9879185557365417,
            "1": 0.9781696796417236,
            "2": 0.3099896311759949
        },
        "1": {
            "0": 0.9782363772392273,
            "1": 0.9878398776054382,
            "2": 0.24561063945293427
        },
        "2": {
            "0": 0.5827496647834778,
            "1": 0.5487090349197388,
            "2": 0.9110979437828064
        }
    }
}