{
    "confidence_score": 0.9673082232475281,
    "ptm": 0.9711618423461914,
    "iptm": 0.9634514451026917,
    "ligand_iptm": 0.9916113615036011,
    "protein_iptm": 0.9614859223365784,
    "complex_plddt": 0.9682724475860596,
    "complex_iplddt": 0.9492172598838806,
    "complex_pde": 0.2849997878074646,
    "complex_ipde": 0.36978617310523987,
    "chains_ptm": {
        "0": 0.9810709357261658,
        "1": 0.9806325435638428,
        "2": 0.936141848564148
    },
    "pair_chains_iptm": {
        "0": {
            "0": 0.9810709357261658,
            "1": 0.9614859223365784,
            "2": 0.7527273297309875
        },
        "1": {
            "0": 0.9611653089523315,
            "1": 0.9806325435638428,
            "2": 0.6752558946609497
        },
        "2": {
            "0": 0.9916113615036011,
            "1": 0.9710116386413574,
            "2": 0.936141848564148
        }
    }
}