{
    "confidence_score": 0.97314453125,
    "ptm": 0.974666178226471,
    "iptm": 0.9686034917831421,
    "ligand_iptm": 0.9854909777641296,
    "protein_iptm": 0.9674428701400757,
    "complex_plddt": 0.9742797613143921,
    "complex_iplddt": 0.9516015648841858,
    "complex_pde": 0.30684414505958557,
    "complex_ipde": 0.49453192949295044,
    "chains_ptm": {
        "0": 0.9821560978889465,
        "1": 0.9813844561576843,
        "2": 0.9388919472694397
    },
    "pair_chains_iptm": {
        "0": {
            "0": 0.9821560978889465,
            "1": 0.9671959280967712,
            "2": 0.7797219157218933
        },
        "1": {
            "0": 0.9674428701400757,
            "1": 0.9813844561576843,
            "2": 0.7009559273719788
        },
        "2": {
            "0": 0.9854909777641296,
            "1": 0.9671950340270996,
            "2": 0.9388919472694397
        }
    }
}