{
    "confidence_score": 0.9571444392204285,
    "ptm": 0.9652858376502991,
    "iptm": 0.9503673315048218,
    "ligand_iptm": 0.8077612519264221,
    "protein_iptm": 0.9672880172729492,
    "complex_plddt": 0.9588387608528137,
    "complex_iplddt": 0.8612425923347473,
    "complex_pde": 0.7192220091819763,
    "complex_ipde": 4.624327182769775,
    "chains_ptm": {
        "0": 0.9819262027740479,
        "1": 0.9803795218467712,
        "2": 0.9164435267448425
    },
    "pair_chains_iptm": {
        "0": {
            "0": 0.9819262027740479,
            "1": 0.966598391532898,
            "2": 0.6200939416885376
        },
        "1": {
            "0": 0.9672880172729492,
            "1": 0.9803795218467712,
            "2": 0.53849196434021
        },
        "2": {
            "0": 0.8077612519264221,
            "1": 0.7919104099273682,
            "2": 0.9164435267448425
        }
    }
}