{
    "confidence_score": 0.9690858125686646,
    "ptm": 0.9734498858451843,
    "iptm": 0.9657503962516785,
    "ligand_iptm": 0.9491760730743408,
    "protein_iptm": 0.968647837638855,
    "complex_plddt": 0.9699196219444275,
    "complex_iplddt": 0.9183403253555298,
    "complex_pde": 0.34785914421081543,
    "complex_ipde": 0.8529269695281982,
    "chains_ptm": {
        "0": 0.982711136341095,
        "1": 0.9824541211128235,
        "2": 0.9353479146957397
    },
    "pair_chains_iptm": {
        "0": {
            "0": 0.982711136341095,
            "1": 0.968647837638855,
            "2": 0.7136281728744507
        },
        "1": {
            "0": 0.9684539437294006,
            "1": 0.9824541211128235,
            "2": 0.6073176264762878
        },
        "2": {
            "0": 0.9491760730743408,
            "1": 0.9319802522659302,
            "2": 0.9353479146957397
        }
    }
}