{
    "confidence_score": 0.9747666716575623,
    "ptm": 0.9755574464797974,
    "iptm": 0.9699679017066956,
    "ligand_iptm": 0.9891068339347839,
    "protein_iptm": 0.9685320854187012,
    "complex_plddt": 0.9759662747383118,
    "complex_iplddt": 0.9603460431098938,
    "complex_pde": 0.29432913661003113,
    "complex_ipde": 0.44204822182655334,
    "chains_ptm": {
        "0": 0.9826971292495728,
        "1": 0.9822396636009216,
        "2": 0.9319035410881042
    },
    "pair_chains_iptm": {
        "0": {
            "0": 0.9826971292495728,
            "1": 0.9682697057723999,
            "2": 0.7570475339889526
        },
        "1": {
            "0": 0.9685320854187012,
            "1": 0.9822396636009216,
            "2": 0.6735485792160034
        },
        "2": {
            "0": 0.9891068339347839,
            "1": 0.9721432328224182,
            "2": 0.9319035410881042
        }
    }
}