{
    "confidence_score": 0.9668652415275574,
    "ptm": 0.9716892242431641,
    "iptm": 0.9569300413131714,
    "ligand_iptm": 0.6058855056762695,
    "protein_iptm": 0.9797838926315308,
    "complex_plddt": 0.9693490266799927,
    "complex_iplddt": 0.836030900478363,
    "complex_pde": 0.5855274200439453,
    "complex_ipde": 4.4723429679870605,
    "chains_ptm": {
        "0": 0.9884790182113647,
        "1": 0.9883822202682495,
        "2": 0.9279357194900513
    },
    "pair_chains_iptm": {
        "0": {
            "0": 0.9884790182113647,
            "1": 0.9797838926315308,
            "2": 0.4800715148448944
        },
        "1": {
            "0": 0.9796598553657532,
            "1": 0.9883822202682495,
            "2": 0.3840698003768921
        },
        "2": {
            "0": 0.6058855056762695,
            "1": 0.5782457590103149,
            "2": 0.9279357194900513
        }
    }
}