{
    "confidence_score": 0.9604704976081848,
    "ptm": 0.9647938013076782,
    "iptm": 0.9504698514938354,
    "ligand_iptm": 0.8113155961036682,
    "protein_iptm": 0.9683020114898682,
    "complex_plddt": 0.9629706144332886,
    "complex_iplddt": 0.8705296516418457,
    "complex_pde": 0.7428188920021057,
    "complex_ipde": 4.808808326721191,
    "chains_ptm": {
        "0": 0.9820679426193237,
        "1": 0.9823099970817566,
        "2": 0.9124235510826111
    },
    "pair_chains_iptm": {
        "0": {
            "0": 0.9820679426193237,
            "1": 0.9683020114898682,
            "2": 0.6319016814231873
        },
        "1": {
            "0": 0.9679800271987915,
            "1": 0.9823099970817566,
            "2": 0.5553192496299744
        },
        "2": {
            "0": 0.8113155961036682,
            "1": 0.7894830703735352,
            "2": 0.9124235510826111
        }
    }
}