{
    "confidence_score": 0.9331566095352173,
    "ptm": 0.9426015615463257,
    "iptm": 0.9119539260864258,
    "ligand_iptm": 0.45686131715774536,
    "protein_iptm": 0.9640741348266602,
    "complex_plddt": 0.9384573101997375,
    "complex_iplddt": 0.7328025698661804,
    "complex_pde": 1.4285528659820557,
    "complex_ipde": 11.749247550964355,
    "chains_ptm": {
        "0": 0.979647159576416,
        "1": 0.9789432883262634,
        "2": 0.898516833782196
    },
    "pair_chains_iptm": {
        "0": {
            "0": 0.979647159576416,
            "1": 0.9636988639831543,
            "2": 0.3598264157772064
        },
        "1": {
            "0": 0.9640741348266602,
            "1": 0.9789432883262634,
            "2": 0.32765355706214905
        },
        "2": {
            "0": 0.4539436101913452,
            "1": 0.45686131715774536,
            "2": 0.898516833782196
        }
    }
}