{
    "confidence_score": 0.9636300206184387,
    "ptm": 0.9698888659477234,
    "iptm": 0.9616104960441589,
    "ligand_iptm": 0.9780161380767822,
    "protein_iptm": 0.9614805579185486,
    "complex_plddt": 0.964134931564331,
    "complex_iplddt": 0.9190520644187927,
    "complex_pde": 0.31901639699935913,
    "complex_ipde": 0.5260417461395264,
    "chains_ptm": {
        "0": 0.9808645844459534,
        "1": 0.9807578921318054,
        "2": 0.9286776781082153
    },
    "pair_chains_iptm": {
        "0": {
            "0": 0.9808645844459534,
            "1": 0.9614805579185486,
            "2": 0.7820245027542114
        },
        "1": {
            "0": 0.9601944088935852,
            "1": 0.9807578921318054,
            "2": 0.6963268518447876
        },
        "2": {
            "0": 0.9780161380767822,
            "1": 0.9574995040893555,
            "2": 0.9286776781082153
        }
    }
}