{
    "confidence_score": 0.9755672812461853,
    "ptm": 0.9759003520011902,
    "iptm": 0.9703226089477539,
    "ligand_iptm": 0.9909813404083252,
    "protein_iptm": 0.9686489701271057,
    "complex_plddt": 0.9768784642219543,
    "complex_iplddt": 0.9626138806343079,
    "complex_pde": 0.28952354192733765,
    "complex_ipde": 0.41679179668426514,
    "chains_ptm": {
        "0": 0.9828981757164001,
        "1": 0.982367217540741,
        "2": 0.9308120012283325
    },
    "pair_chains_iptm": {
        "0": {
            "0": 0.9828981757164001,
            "1": 0.9682746529579163,
            "2": 0.8025650978088379
        },
        "1": {
            "0": 0.9686489701271057,
            "1": 0.982367217540741,
            "2": 0.7144544124603271
        },
        "2": {
            "0": 0.9909813404083252,
            "1": 0.9739803671836853,
            "2": 0.9308120012283325
        }
    }
}