{
    "confidence_score": 0.9518398642539978,
    "ptm": 0.9608057737350464,
    "iptm": 0.9434367418289185,
    "ligand_iptm": 0.730294406414032,
    "protein_iptm": 0.967684268951416,
    "complex_plddt": 0.9539406299591064,
    "complex_iplddt": 0.8112180829048157,
    "complex_pde": 0.821976363658905,
    "complex_ipde": 5.991300106048584,
    "chains_ptm": {
        "0": 0.9821309447288513,
        "1": 0.9801344871520996,
        "2": 0.9171180725097656
    },
    "pair_chains_iptm": {
        "0": {
            "0": 0.9821309447288513,
            "1": 0.9670462608337402,
            "2": 0.4396212697029114
        },
        "1": {
            "0": 0.967684268951416,
            "1": 0.9801344871520996,
            "2": 0.5246086716651917
        },
        "2": {
            "0": 0.7127139568328857,
            "1": 0.730294406414032,
            "2": 0.9171180725097656
        }
    }
}