{
    "confidence_score": 0.9820007681846619,
    "ptm": 0.9811737537384033,
    "iptm": 0.9764240980148315,
    "ligand_iptm": 0.9853432774543762,
    "protein_iptm": 0.9763161540031433,
    "complex_plddt": 0.9833949208259583,
    "complex_iplddt": 0.9653276801109314,
    "complex_pde": 0.2759571671485901,
    "complex_ipde": 0.437043160200119,
    "chains_ptm": {
        "0": 0.9869111776351929,
        "1": 0.9868190288543701,
        "2": 0.9506232738494873
    },
    "pair_chains_iptm": {
        "0": {
            "0": 0.9869111776351929,
            "1": 0.9762622117996216,
            "2": 0.7554294466972351
        },
        "1": {
            "0": 0.9763161540031433,
            "1": 0.9868190288543701,
            "2": 0.6699584722518921
        },
        "2": {
            "0": 0.9853432774543762,
            "1": 0.9767606854438782,
            "2": 0.9506232738494873
        }
    }
}