{
    "confidence_score": 0.9727339744567871,
    "ptm": 0.9749838709831238,
    "iptm": 0.9688917398452759,
    "ligand_iptm": 0.9833666682243347,
    "protein_iptm": 0.9679055213928223,
    "complex_plddt": 0.9736945033073425,
    "complex_iplddt": 0.9468498229980469,
    "complex_pde": 0.3139735162258148,
    "complex_ipde": 0.5058934688568115,
    "chains_ptm": {
        "0": 0.9825628399848938,
        "1": 0.9818268418312073,
        "2": 0.9380378723144531
    },
    "pair_chains_iptm": {
        "0": {
            "0": 0.9825628399848938,
            "1": 0.9678894877433777,
            "2": 0.7707054018974304
        },
        "1": {
            "0": 0.9679055213928223,
            "1": 0.9818268418312073,
            "2": 0.687275230884552
        },
        "2": {
            "0": 0.9833666682243347,
            "1": 0.9639243483543396,
            "2": 0.9380378723144531
        }
    }
}