{
    "confidence_score": 0.9653397798538208,
    "ptm": 0.9708398580551147,
    "iptm": 0.9626931548118591,
    "ligand_iptm": 0.9791024327278137,
    "protein_iptm": 0.962203323841095,
    "complex_plddt": 0.9660013914108276,
    "complex_iplddt": 0.931644082069397,
    "complex_pde": 0.3069502115249634,
    "complex_ipde": 0.46536993980407715,
    "chains_ptm": {
        "0": 0.9810667037963867,
        "1": 0.9806140661239624,
        "2": 0.9248796105384827
    },
    "pair_chains_iptm": {
        "0": {
            "0": 0.9810667037963867,
            "1": 0.962203323841095,
            "2": 0.7469682097434998
        },
        "1": {
            "0": 0.9614723920822144,
            "1": 0.9806140661239624,
            "2": 0.6639693975448608
        },
        "2": {
            "0": 0.9791024327278137,
            "1": 0.9590902328491211,
            "2": 0.9248796105384827
        }
    }
}