{
    "confidence_score": 0.9731320738792419,
    "ptm": 0.9749164581298828,
    "iptm": 0.9688213467597961,
    "ligand_iptm": 0.9841509461402893,
    "protein_iptm": 0.9680687785148621,
    "complex_plddt": 0.974209725856781,
    "complex_iplddt": 0.9502938389778137,
    "complex_pde": 0.3097890019416809,
    "complex_ipde": 0.5087223649024963,
    "chains_ptm": {
        "0": 0.9826225638389587,
        "1": 0.9819715023040771,
        "2": 0.937393307685852
    },
    "pair_chains_iptm": {
        "0": {
            "0": 0.9826225638389587,
            "1": 0.9680687785148621,
            "2": 0.7746559977531433
        },
        "1": {
            "0": 0.9676806926727295,
            "1": 0.9819715023040771,
            "2": 0.6874653100967407
        },
        "2": {
            "0": 0.9841509461402893,
            "1": 0.9657911062240601,
            "2": 0.937393307685852
        }
    }
}