{
    "confidence_score": 0.9674731492996216,
    "ptm": 0.9706606864929199,
    "iptm": 0.9623041152954102,
    "ligand_iptm": 0.9896509647369385,
    "protein_iptm": 0.9599443078041077,
    "complex_plddt": 0.968765377998352,
    "complex_iplddt": 0.9438955187797546,
    "complex_pde": 0.2896219789981842,
    "complex_ipde": 0.3847012221813202,
    "chains_ptm": {
        "0": 0.9812790155410767,
        "1": 0.9806417226791382,
        "2": 0.9324811100959778
    },
    "pair_chains_iptm": {
        "0": {
            "0": 0.9812790155410767,
            "1": 0.9595438241958618,
            "2": 0.785487711429596
        },
        "1": {
            "0": 0.9599443078041077,
            "1": 0.9806417226791382,
            "2": 0.6921494603157043
        },
        "2": {
            "0": 0.9896509647369385,
            "1": 0.9701206088066101,
            "2": 0.9324811100959778
        }
    }
}