{
    "confidence_score": 0.9610843658447266,
    "ptm": 0.9653434157371521,
    "iptm": 0.9515324831008911,
    "ligand_iptm": 0.7570248246192932,
    "protein_iptm": 0.9697297811508179,
    "complex_plddt": 0.9634723663330078,
    "complex_iplddt": 0.8516210317611694,
    "complex_pde": 0.7456372380256653,
    "complex_ipde": 5.609041690826416,
    "chains_ptm": {
        "0": 0.983343780040741,
        "1": 0.9830939769744873,
        "2": 0.9541736841201782
    },
    "pair_chains_iptm": {
        "0": {
            "0": 0.983343780040741,
            "1": 0.9697297811508179,
            "2": 0.6039249300956726
        },
        "1": {
            "0": 0.969657838344574,
            "1": 0.9830939769744873,
            "2": 0.515293300151825
        },
        "2": {
            "0": 0.7570248246192932,
            "1": 0.7311148047447205,
            "2": 0.9541736841201782
        }
    }
}