{
    "confidence_score": 0.9645013809204102,
    "ptm": 0.9710922837257385,
    "iptm": 0.9630469083786011,
    "ligand_iptm": 0.9769371747970581,
    "protein_iptm": 0.9631560444831848,
    "complex_plddt": 0.96486496925354,
    "complex_iplddt": 0.923879861831665,
    "complex_pde": 0.32146090269088745,
    "complex_ipde": 0.5121945738792419,
    "chains_ptm": {
        "0": 0.9815219640731812,
        "1": 0.9810025691986084,
        "2": 0.9296647310256958
    },
    "pair_chains_iptm": {
        "0": {
            "0": 0.9815219640731812,
            "1": 0.9631560444831848,
            "2": 0.7497901320457458
        },
        "1": {
            "0": 0.9619996547698975,
            "1": 0.9810025691986084,
            "2": 0.6626342535018921
        },
        "2": {
            "0": 0.9769371747970581,
            "1": 0.9572730660438538,
            "2": 0.9296647310256958
        }
    }
}