{
    "confidence_score": 0.9617149233818054,
    "ptm": 0.9658065438270569,
    "iptm": 0.9520443081855774,
    "ligand_iptm": 0.8223036527633667,
    "protein_iptm": 0.9672834277153015,
    "complex_plddt": 0.96413254737854,
    "complex_iplddt": 0.871010959148407,
    "complex_pde": 0.47956570982933044,
    "complex_ipde": 2.5137717723846436,
    "chains_ptm": {
        "0": 0.9821831583976746,
        "1": 0.981931209564209,
        "2": 0.8927893042564392
    },
    "pair_chains_iptm": {
        "0": {
            "0": 0.9821831583976746,
            "1": 0.9672834277153015,
            "2": 0.4605848491191864
        },
        "1": {
            "0": 0.9671676158905029,
            "1": 0.981931209564209,
            "2": 0.36854416131973267
        },
        "2": {
            "0": 0.8223036527633667,
            "1": 0.8028145432472229,
            "2": 0.8927893042564392
        }
    }
}