{
    "confidence_score": 0.9524582028388977,
    "ptm": 0.9570035338401794,
    "iptm": 0.9354880452156067,
    "ligand_iptm": 0.6558930277824402,
    "protein_iptm": 0.965802013874054,
    "complex_plddt": 0.9567006826400757,
    "complex_iplddt": 0.8232771158218384,
    "complex_pde": 0.6847324371337891,
    "complex_ipde": 4.618541717529297,
    "chains_ptm": {
        "0": 0.9812039732933044,
        "1": 0.9808509945869446,
        "2": 0.8431976437568665
    },
    "pair_chains_iptm": {
        "0": {
            "0": 0.9812039732933044,
            "1": 0.965802013874054,
            "2": 0.3331129848957062
        },
        "1": {
            "0": 0.9657641053199768,
            "1": 0.9808509945869446,
            "2": 0.2594331204891205
        },
        "2": {
            "0": 0.6558930277824402,
            "1": 0.6488250494003296,
            "2": 0.8431976437568665
        }
    }
}