{
    "confidence_score": 0.9650408029556274,
    "ptm": 0.970959484577179,
    "iptm": 0.9630115032196045,
    "ligand_iptm": 0.9741121530532837,
    "protein_iptm": 0.9632501006126404,
    "complex_plddt": 0.9655480980873108,
    "complex_iplddt": 0.9237549304962158,
    "complex_pde": 0.3182767629623413,
    "complex_ipde": 0.4814310669898987,
    "chains_ptm": {
        "0": 0.9811739921569824,
        "1": 0.9810707569122314,
        "2": 0.9227545261383057
    },
    "pair_chains_iptm": {
        "0": {
            "0": 0.9811739921569824,
            "1": 0.9632501006126404,
            "2": 0.7546082139015198
        },
        "1": {
            "0": 0.9623131155967712,
            "1": 0.9810707569122314,
            "2": 0.6723660826683044
        },
        "2": {
            "0": 0.9741121530532837,
            "1": 0.955193281173706,
            "2": 0.9227545261383057
        }
    }
}