{
    "confidence_score": 0.958631694316864,
    "ptm": 0.9656355977058411,
    "iptm": 0.9511656165122986,
    "ligand_iptm": 0.8185372352600098,
    "protein_iptm": 0.9697044491767883,
    "complex_plddt": 0.9604982733726501,
    "complex_iplddt": 0.85629802942276,
    "complex_pde": 0.7024455666542053,
    "complex_ipde": 4.285923480987549,
    "chains_ptm": {
        "0": 0.9826356768608093,
        "1": 0.9823418259620667,
        "2": 0.9157696962356567
    },
    "pair_chains_iptm": {
        "0": {
            "0": 0.9826356768608093,
            "1": 0.9697044491767883,
            "2": 0.6925997734069824
        },
        "1": {
            "0": 0.9686327576637268,
            "1": 0.9823418259620667,
            "2": 0.6090276837348938
        },
        "2": {
            "0": 0.8185372352600098,
            "1": 0.7962269186973572,
            "2": 0.9157696962356567
        }
    }
}