{
    "confidence_score": 0.9602660536766052,
    "ptm": 0.9675983786582947,
    "iptm": 0.9573075771331787,
    "ligand_iptm": 0.9381219148635864,
    "protein_iptm": 0.9607183933258057,
    "complex_plddt": 0.9610056281089783,
    "complex_iplddt": 0.8914349675178528,
    "complex_pde": 0.34424668550491333,
    "complex_ipde": 0.6188700199127197,
    "chains_ptm": {
        "0": 0.9806491136550903,
        "1": 0.9805260300636292,
        "2": 0.8837034106254578
    },
    "pair_chains_iptm": {
        "0": {
            "0": 0.9806491136550903,
            "1": 0.9604992866516113,
            "2": 0.7372912764549255
        },
        "1": {
            "0": 0.9607183933258057,
            "1": 0.9805260300636292,
            "2": 0.656711995601654
        },
        "2": {
            "0": 0.9381219148635864,
            "1": 0.9231058955192566,
            "2": 0.8837034106254578
        }
    }
}