{
    "confidence_score": 0.9748483896255493,
    "ptm": 0.9754549264907837,
    "iptm": 0.9696742296218872,
    "ligand_iptm": 0.98870450258255,
    "protein_iptm": 0.9683883786201477,
    "complex_plddt": 0.9761419296264648,
    "complex_iplddt": 0.9592357873916626,
    "complex_pde": 0.29756927490234375,
    "complex_ipde": 0.4412842094898224,
    "chains_ptm": {
        "0": 0.98250412940979,
        "1": 0.9822075366973877,
        "2": 0.9394898414611816
    },
    "pair_chains_iptm": {
        "0": {
            "0": 0.98250412940979,
            "1": 0.9683883786201477,
            "2": 0.7923795580863953
        },
        "1": {
            "0": 0.9682357907295227,
            "1": 0.9822075366973877,
            "2": 0.7149226665496826
        },
        "2": {
            "0": 0.98870450258255,
            "1": 0.9704906940460205,
            "2": 0.9394898414611816
        }
    }
}