{
    "confidence_score": 0.9524287581443787,
    "ptm": 0.9598976373672485,
    "iptm": 0.9421492218971252,
    "ligand_iptm": 0.7707977890968323,
    "protein_iptm": 0.9655708074569702,
    "complex_plddt": 0.9549986124038696,
    "complex_iplddt": 0.822175145149231,
    "complex_pde": 0.8577803373336792,
    "complex_ipde": 5.720990180969238,
    "chains_ptm": {
        "0": 0.9807630181312561,
        "1": 0.9805396199226379,
        "2": 0.9204121232032776
    },
    "pair_chains_iptm": {
        "0": {
            "0": 0.9807630181312561,
            "1": 0.9655708074569702,
            "2": 0.6087650656700134
        },
        "1": {
            "0": 0.9652518033981323,
            "1": 0.9805396199226379,
            "2": 0.5268449783325195
        },
        "2": {
            "0": 0.7707977890968323,
            "1": 0.7407185435295105,
            "2": 0.9204121232032776
        }
    }
}