{
    "confidence_score": 0.9754851460456848,
    "ptm": 0.9752329587936401,
    "iptm": 0.9693235754966736,
    "ligand_iptm": 0.991126298904419,
    "protein_iptm": 0.9682425260543823,
    "complex_plddt": 0.9770255088806152,
    "complex_iplddt": 0.9636995196342468,
    "complex_pde": 0.28897881507873535,
    "complex_ipde": 0.43279969692230225,
    "chains_ptm": {
        "0": 0.9823713302612305,
        "1": 0.9821547269821167,
        "2": 0.9388644695281982
    },
    "pair_chains_iptm": {
        "0": {
            "0": 0.9823713302612305,
            "1": 0.9680059552192688,
            "2": 0.7880622148513794
        },
        "1": {
            "0": 0.9682425260543823,
            "1": 0.9821547269821167,
            "2": 0.6957934498786926
        },
        "2": {
            "0": 0.991126298904419,
            "1": 0.9739404320716858,
            "2": 0.9388644695281982
        }
    }
}