{
    "confidence_score": 0.9824764132499695,
    "ptm": 0.9817760586738586,
    "iptm": 0.977538526058197,
    "ligand_iptm": 0.989741325378418,
    "protein_iptm": 0.9772312641143799,
    "complex_plddt": 0.9837108850479126,
    "complex_iplddt": 0.9704617857933044,
    "complex_pde": 0.272482693195343,
    "complex_ipde": 0.4058672785758972,
    "chains_ptm": {
        "0": 0.9873821139335632,
        "1": 0.9872549772262573,
        "2": 0.9544861316680908
    },
    "pair_chains_iptm": {
        "0": {
            "0": 0.9873821139335632,
            "1": 0.9769248366355896,
            "2": 0.7622056603431702
        },
        "1": {
            "0": 0.9772312641143799,
            "1": 0.9872549772262573,
            "2": 0.6825756430625916
        },
        "2": {
            "0": 0.989741325378418,
            "1": 0.9803027510643005,
            "2": 0.9544861316680908
        }
    }
}