{
    "confidence_score": 0.960443913936615,
    "ptm": 0.9671382904052734,
    "iptm": 0.9504615664482117,
    "ligand_iptm": 0.626801073551178,
    "protein_iptm": 0.9765759706497192,
    "complex_plddt": 0.962939441204071,
    "complex_iplddt": 0.8255724310874939,
    "complex_pde": 0.6868619918823242,
    "complex_ipde": 5.021185874938965,
    "chains_ptm": {
        "0": 0.9868159890174866,
        "1": 0.9866268634796143,
        "2": 0.9116619825363159
    },
    "pair_chains_iptm": {
        "0": {
            "0": 0.9868159890174866,
            "1": 0.9763239026069641,
            "2": 0.3501209318637848
        },
        "1": {
            "0": 0.9765759706497192,
            "1": 0.9866268634796143,
            "2": 0.28575044870376587
        },
        "2": {
            "0": 0.626801073551178,
            "1": 0.6104628443717957,
            "2": 0.9116619825363159
        }
    }
}