{
    "confidence_score": 0.9580225348472595,
    "ptm": 0.9628785252571106,
    "iptm": 0.9469675421714783,
    "ligand_iptm": 0.7640336751937866,
    "protein_iptm": 0.9678055047988892,
    "complex_plddt": 0.9607862830162048,
    "complex_iplddt": 0.8437867164611816,
    "complex_pde": 0.8070709705352783,
    "complex_ipde": 5.784111022949219,
    "chains_ptm": {
        "0": 0.9821061491966248,
        "1": 0.9816294312477112,
        "2": 0.9410932660102844
    },
    "pair_chains_iptm": {
        "0": {
            "0": 0.9821061491966248,
            "1": 0.9678055047988892,
            "2": 0.6301025748252869
        },
        "1": {
            "0": 0.9676342606544495,
            "1": 0.9816294312477112,
            "2": 0.5477091670036316
        },
        "2": {
            "0": 0.7640336751937866,
            "1": 0.7435953617095947,
            "2": 0.9410932660102844
        }
    }
}