{
    "confidence_score": 0.9643007516860962,
    "ptm": 0.9709988832473755,
    "iptm": 0.9570528864860535,
    "ligand_iptm": 0.6715338230133057,
    "protein_iptm": 0.9776852130889893,
    "complex_plddt": 0.9661126732826233,
    "complex_iplddt": 0.8288003206253052,
    "complex_pde": 0.530182957649231,
    "complex_ipde": 3.5218734741210938,
    "chains_ptm": {
        "0": 0.9874632954597473,
        "1": 0.9872803688049316,
        "2": 0.8960963487625122
    },
    "pair_chains_iptm": {
        "0": {
            "0": 0.9874632954597473,
            "1": 0.9776535034179688,
            "2": 0.31820613145828247
        },
        "1": {
            "0": 0.9776852130889893,
            "1": 0.9872803688049316,
            "2": 0.2529323399066925
        },
        "2": {
            "0": 0.6715338230133057,
            "1": 0.6506239771842957,
            "2": 0.8960963487625122
        }
    }
}