{
    "confidence_score": 0.9675509333610535,
    "ptm": 0.9707427024841309,
    "iptm": 0.9627566337585449,
    "ligand_iptm": 0.9910719990730286,
    "protein_iptm": 0.9618918299674988,
    "complex_plddt": 0.9687495231628418,
    "complex_iplddt": 0.9429996013641357,
    "complex_pde": 0.2897375524044037,
    "complex_ipde": 0.37943050265312195,
    "chains_ptm": {
        "0": 0.9811574816703796,
        "1": 0.9795702695846558,
        "2": 0.9302295446395874
    },
    "pair_chains_iptm": {
        "0": {
            "0": 0.9811574816703796,
            "1": 0.9618918299674988,
            "2": 0.7872330546379089
        },
        "1": {
            "0": 0.960266649723053,
            "1": 0.9795702695846558,
            "2": 0.7050212025642395
        },
        "2": {
            "0": 0.9910719990730286,
            "1": 0.9701794385910034,
            "2": 0.9302295446395874
        }
    }
}