{
    "confidence_score": 0.9634509086608887,
    "ptm": 0.9679863452911377,
    "iptm": 0.9508634805679321,
    "ligand_iptm": 0.5269262194633484,
    "protein_iptm": 0.9787744283676147,
    "complex_plddt": 0.9665977954864502,
    "complex_iplddt": 0.8121148943901062,
    "complex_pde": 0.5946620106697083,
    "complex_ipde": 4.696220397949219,
    "chains_ptm": {
        "0": 0.988056480884552,
        "1": 0.9881299734115601,
        "2": 0.8927696347236633
    },
    "pair_chains_iptm": {
        "0": {
            "0": 0.988056480884552,
            "1": 0.9787176251411438,
            "2": 0.22043855488300323
        },
        "1": {
            "0": 0.9787744283676147,
            "1": 0.9881299734115601,
            "2": 0.26859453320503235
        },
        "2": {
            "0": 0.5049884915351868,
            "1": 0.5269262194633484,
            "2": 0.8927696347236633
        }
    }
}