{
    "confidence_score": 0.965575635433197,
    "ptm": 0.9704683423042297,
    "iptm": 0.9622797966003418,
    "ligand_iptm": 0.9825612306594849,
    "protein_iptm": 0.9620870351791382,
    "complex_plddt": 0.9663994908332825,
    "complex_iplddt": 0.9291673302650452,
    "complex_pde": 0.2988869845867157,
    "complex_ipde": 0.42465147376060486,
    "chains_ptm": {
        "0": 0.9811421632766724,
        "1": 0.9807491898536682,
        "2": 0.9302474856376648
    },
    "pair_chains_iptm": {
        "0": {
            "0": 0.9811421632766724,
            "1": 0.9620870351791382,
            "2": 0.7838934063911438
        },
        "1": {
            "0": 0.960534393787384,
            "1": 0.9807491898536682,
            "2": 0.7045612335205078
        },
        "2": {
            "0": 0.9825612306594849,
            "1": 0.9646361470222473,
            "2": 0.9302474856376648
        }
    }
}