{
    "confidence_score": 0.9745856523513794,
    "ptm": 0.9755955934524536,
    "iptm": 0.9697590470314026,
    "ligand_iptm": 0.9871243238449097,
    "protein_iptm": 0.9684242010116577,
    "complex_plddt": 0.9757922887802124,
    "complex_iplddt": 0.9555591940879822,
    "complex_pde": 0.2969892919063568,
    "complex_ipde": 0.4471692144870758,
    "chains_ptm": {
        "0": 0.9824267029762268,
        "1": 0.9820059537887573,
        "2": 0.9294854402542114
    },
    "pair_chains_iptm": {
        "0": {
            "0": 0.9824267029762268,
            "1": 0.9679778814315796,
            "2": 0.7635244131088257
        },
        "1": {
            "0": 0.9684242010116577,
            "1": 0.9820059537887573,
            "2": 0.6941401958465576
        },
        "2": {
            "0": 0.9871243238449097,
            "1": 0.9711693525314331,
            "2": 0.9294854402542114
        }
    }
}