{
    "confidence_score": 0.9411226511001587,
    "ptm": 0.9503514766693115,
    "iptm": 0.9244098663330078,
    "ligand_iptm": 0.5227344036102295,
    "protein_iptm": 0.9688511490821838,
    "complex_plddt": 0.9453007578849792,
    "complex_iplddt": 0.7494996190071106,
    "complex_pde": 1.2881584167480469,
    "complex_ipde": 10.15661334991455,
    "chains_ptm": {
        "0": 0.982626736164093,
        "1": 0.9823737740516663,
        "2": 0.8940701484680176
    },
    "pair_chains_iptm": {
        "0": {
            "0": 0.982626736164093,
            "1": 0.9688511490821838,
            "2": 0.39271798729896545
        },
        "1": {
            "0": 0.9682106971740723,
            "1": 0.9823737740516663,
            "2": 0.3515568673610687
        },
        "2": {
            "0": 0.5227344036102295,
            "1": 0.5166887640953064,
            "2": 0.8940701484680176
        }
    }
}