{
    "confidence_score": 0.9727508425712585,
    "ptm": 0.975159227848053,
    "iptm": 0.9692304730415344,
    "ligand_iptm": 0.9827057123184204,
    "protein_iptm": 0.9682719111442566,
    "complex_plddt": 0.9736309051513672,
    "complex_iplddt": 0.9479685425758362,
    "complex_pde": 0.3105371594429016,
    "complex_ipde": 0.5031152367591858,
    "chains_ptm": {
        "0": 0.9824849367141724,
        "1": 0.982295572757721,
        "2": 0.9327960014343262
    },
    "pair_chains_iptm": {
        "0": {
            "0": 0.9824849367141724,
            "1": 0.9677921533584595,
            "2": 0.7747256755828857
        },
        "1": {
            "0": 0.9682719111442566,
            "1": 0.982295572757721,
            "2": 0.6980495452880859
        },
        "2": {
            "0": 0.9827057123184204,
            "1": 0.9646680951118469,
            "2": 0.9327960014343262
        }
    }
}