{
    "confidence_score": 0.9761289954185486,
    "ptm": 0.9769715070724487,
    "iptm": 0.9715895652770996,
    "ligand_iptm": 0.989255964756012,
    "protein_iptm": 0.9702790975570679,
    "complex_plddt": 0.977263867855072,
    "complex_iplddt": 0.9605051875114441,
    "complex_pde": 0.29622361063957214,
    "complex_ipde": 0.4275776743888855,
    "chains_ptm": {
        "0": 0.9836499691009521,
        "1": 0.9833663105964661,
        "2": 0.9300634264945984
    },
    "pair_chains_iptm": {
        "0": {
            "0": 0.9836499691009521,
            "1": 0.9702396392822266,
            "2": 0.7660701870918274
        },
        "1": {
            "0": 0.9702790975570679,
            "1": 0.9833663105964661,
            "2": 0.7015902400016785
        },
        "2": {
            "0": 0.989255964756012,
            "1": 0.974825382232666,
            "2": 0.9300634264945984
        }
    }
}