{
    "confidence_score": 0.959128201007843,
    "ptm": 0.9666336178779602,
    "iptm": 0.9519472122192383,
    "ligand_iptm": 0.7878422737121582,
    "protein_iptm": 0.9697432518005371,
    "complex_plddt": 0.960923433303833,
    "complex_iplddt": 0.8473188877105713,
    "complex_pde": 0.736524224281311,
    "complex_ipde": 5.117135047912598,
    "chains_ptm": {
        "0": 0.9832753539085388,
        "1": 0.9823244214057922,
        "2": 0.9533169269561768
    },
    "pair_chains_iptm": {
        "0": {
            "0": 0.9832753539085388,
            "1": 0.9695591926574707,
            "2": 0.5445994734764099
        },
        "1": {
            "0": 0.9697432518005371,
            "1": 0.9823244214057922,
            "2": 0.6231157779693604
        },
        "2": {
            "0": 0.768390953540802,
            "1": 0.7878422737121582,
            "2": 0.9533169269561768
        }
    }
}