{
    "confidence_score": 0.9604464769363403,
    "ptm": 0.9643014669418335,
    "iptm": 0.950218141078949,
    "ligand_iptm": 0.7085756063461304,
    "protein_iptm": 0.971041738986969,
    "complex_plddt": 0.9630035161972046,
    "complex_iplddt": 0.8578276634216309,
    "complex_pde": 0.8127020001411438,
    "complex_ipde": 6.167271614074707,
    "chains_ptm": {
        "0": 0.9834320545196533,
        "1": 0.9787998199462891,
        "2": 0.9092161059379578
    },
    "pair_chains_iptm": {
        "0": {
            "0": 0.9834320545196533,
            "1": 0.971041738986969,
            "2": 0.4841412603855133
        },
        "1": {
            "0": 0.9672614336013794,
            "1": 0.9787998199462891,
            "2": 0.4593546390533447
        },
        "2": {
            "0": 0.7085756063461304,
            "1": 0.6992679238319397,
            "2": 0.9092161059379578
        }
    }
}