{
    "confidence_score": 0.9548487067222595,
    "ptm": 0.9625118374824524,
    "iptm": 0.9485328197479248,
    "ligand_iptm": 0.8241564035415649,
    "protein_iptm": 0.9640172719955444,
    "complex_plddt": 0.9564276337623596,
    "complex_iplddt": 0.8534646034240723,
    "complex_pde": 0.6512993574142456,
    "complex_ipde": 3.8835361003875732,
    "chains_ptm": {
        "0": 0.9798160791397095,
        "1": 0.977752149105072,
        "2": 0.923943042755127
    },
    "pair_chains_iptm": {
        "0": {
            "0": 0.9798160791397095,
            "1": 0.9640172719955444,
            "2": 0.5124467611312866
        },
        "1": {
            "0": 0.9631226658821106,
            "1": 0.977752149105072,
            "2": 0.6046627759933472
        },
        "2": {
            "0": 0.8078873157501221,
            "1": 0.8241564035415649,
            "2": 0.923943042755127
        }
    }
}