{
    "confidence_score": 0.9667989611625671,
    "ptm": 0.972009003162384,
    "iptm": 0.9644082188606262,
    "ligand_iptm": 0.9855424165725708,
    "protein_iptm": 0.9627302885055542,
    "complex_plddt": 0.96739661693573,
    "complex_iplddt": 0.9389933347702026,
    "complex_pde": 0.2943120002746582,
    "complex_ipde": 0.4120471477508545,
    "chains_ptm": {
        "0": 0.9819207191467285,
        "1": 0.9814634323120117,
        "2": 0.9347784519195557
    },
    "pair_chains_iptm": {
        "0": {
            "0": 0.9819207191467285,
            "1": 0.9623242616653442,
            "2": 0.75294429063797
        },
        "1": {
            "0": 0.9627302885055542,
            "1": 0.9814634323120117,
            "2": 0.6757560968399048
        },
        "2": {
            "0": 0.9855424165725708,
            "1": 0.9666821956634521,
            "2": 0.9347784519195557
        }
    }
}