{
    "confidence_score": 0.9705131649971008,
    "ptm": 0.9736116528511047,
    "iptm": 0.9605635404586792,
    "ligand_iptm": 0.5090919733047485,
    "protein_iptm": 0.980294406414032,
    "complex_plddt": 0.9730005860328674,
    "complex_iplddt": 0.8487223982810974,
    "complex_pde": 0.5405628085136414,
    "complex_ipde": 4.411172866821289,
    "chains_ptm": {
        "0": 0.9890449643135071,
        "1": 0.9890213012695312,
        "2": 0.9479366540908813
    },
    "pair_chains_iptm": {
        "0": {
            "0": 0.9890449643135071,
            "1": 0.9801521301269531,
            "2": 0.18743808567523956
        },
        "1": {
            "0": 0.980294406414032,
            "1": 0.9890213012695312,
            "2": 0.12203560024499893
        },
        "2": {
            "0": 0.5090919733047485,
            "1": 0.45438340306282043,
            "2": 0.9479366540908813
        }
    }
}