{
    "confidence_score": 0.9577223062515259,
    "ptm": 0.9685840010643005,
    "iptm": 0.9548361897468567,
    "ligand_iptm": 0.7912631034851074,
    "protein_iptm": 0.9721171259880066,
    "complex_plddt": 0.9584437608718872,
    "complex_iplddt": 0.8609687685966492,
    "complex_pde": 0.713251531124115,
    "complex_ipde": 5.023439407348633,
    "chains_ptm": {
        "0": 0.9840684533119202,
        "1": 0.983384370803833,
        "2": 0.9042556285858154
    },
    "pair_chains_iptm": {
        "0": {
            "0": 0.9840684533119202,
            "1": 0.9721171259880066,
            "2": 0.5665662884712219
        },
        "1": {
            "0": 0.9711712598800659,
            "1": 0.983384370803833,
            "2": 0.5216583013534546
        },
        "2": {
            "0": 0.7912631034851074,
            "1": 0.7775421738624573,
            "2": 0.9042556285858154
        }
    }
}