{
    "confidence_score": 0.9655165672302246,
    "ptm": 0.9690694808959961,
    "iptm": 0.9608418345451355,
    "ligand_iptm": 0.9803479909896851,
    "protein_iptm": 0.9595219492912292,
    "complex_plddt": 0.9666852355003357,
    "complex_iplddt": 0.9346694946289062,
    "complex_pde": 0.31035858392715454,
    "complex_ipde": 0.4552556276321411,
    "chains_ptm": {
        "0": 0.9797694087028503,
        "1": 0.9797279238700867,
        "2": 0.9251765608787537
    },
    "pair_chains_iptm": {
        "0": {
            "0": 0.9797694087028503,
            "1": 0.9595219492912292,
            "2": 0.7512280941009521
        },
        "1": {
            "0": 0.9592838883399963,
            "1": 0.9797279238700867,
            "2": 0.666363000869751
        },
        "2": {
            "0": 0.9803479909896851,
            "1": 0.9602722525596619,
            "2": 0.9251765608787537
        }
    }
}