{
    "confidence_score": 0.9596678018569946,
    "ptm": 0.9642030000686646,
    "iptm": 0.9429916739463806,
    "ligand_iptm": 0.37735337018966675,
    "protein_iptm": 0.9796043038368225,
    "complex_plddt": 0.9638367891311646,
    "complex_iplddt": 0.7951005697250366,
    "complex_pde": 0.671952486038208,
    "complex_ipde": 5.802079677581787,
    "chains_ptm": {
        "0": 0.9887896180152893,
        "1": 0.9887394309043884,
        "2": 0.9007736444473267
    },
    "pair_chains_iptm": {
        "0": {
            "0": 0.9887896180152893,
            "1": 0.9796043038368225,
            "2": 0.13765813410282135
        },
        "1": {
            "0": 0.9794855713844299,
            "1": 0.9887394309043884,
            "2": 0.17950570583343506
        },
        "2": {
            "0": 0.3635498881340027,
            "1": 0.37735337018966675,
            "2": 0.9007736444473267
        }
    }
}