{
    "confidence_score": 0.9616036415100098,
    "ptm": 0.9674447178840637,
    "iptm": 0.9564354419708252,
    "ligand_iptm": 0.7635601162910461,
    "protein_iptm": 0.9719177484512329,
    "complex_plddt": 0.9628956913948059,
    "complex_iplddt": 0.8570706248283386,
    "complex_pde": 0.7208232879638672,
    "complex_ipde": 5.231813430786133,
    "chains_ptm": {
        "0": 0.9845467209815979,
        "1": 0.9804723262786865,
        "2": 0.923641562461853
    },
    "pair_chains_iptm": {
        "0": {
            "0": 0.9845467209815979,
            "1": 0.9719177484512329,
            "2": 0.4921472370624542
        },
        "1": {
            "0": 0.969271183013916,
            "1": 0.9804723262786865,
            "2": 0.5307500958442688
        },
        "2": {
            "0": 0.7450293898582458,
            "1": 0.7635601162910461,
            "2": 0.923641562461853
        }
    }
}