{
    "confidence_score": 0.9649515151977539,
    "ptm": 0.9692037105560303,
    "iptm": 0.9560666084289551,
    "ligand_iptm": 0.6956603527069092,
    "protein_iptm": 0.9768798351287842,
    "complex_plddt": 0.9671726822853088,
    "complex_iplddt": 0.8605603575706482,
    "complex_pde": 0.8362196683883667,
    "complex_ipde": 6.543900966644287,
    "chains_ptm": {
        "0": 0.9872583150863647,
        "1": 0.984140932559967,
        "2": 0.9285343885421753
    },
    "pair_chains_iptm": {
        "0": {
            "0": 0.9872583150863647,
            "1": 0.9768798351287842,
            "2": 0.5038596987724304
        },
        "1": {
            "0": 0.9746270775794983,
            "1": 0.984140932559967,
            "2": 0.4322359263896942
        },
        "2": {
            "0": 0.6956603527069092,
            "1": 0.6853420734405518,
            "2": 0.9285343885421753
        }
    }
}