{
    "confidence_score": 0.9651148915290833,
    "ptm": 0.9709729552268982,
    "iptm": 0.9630181789398193,
    "ligand_iptm": 0.9787217974662781,
    "protein_iptm": 0.9624696373939514,
    "complex_plddt": 0.965639054775238,
    "complex_iplddt": 0.9283347725868225,
    "complex_pde": 0.2994996905326843,
    "complex_ipde": 0.5074998736381531,
    "chains_ptm": {
        "0": 0.981070339679718,
        "1": 0.9808250665664673,
        "2": 0.9513505101203918
    },
    "pair_chains_iptm": {
        "0": {
            "0": 0.981070339679718,
            "1": 0.9624696373939514,
            "2": 0.773453414440155
        },
        "1": {
            "0": 0.961831271648407,
            "1": 0.9808250665664673,
            "2": 0.6746195554733276
        },
        "2": {
            "0": 0.9787217974662781,
            "1": 0.9574592113494873,
            "2": 0.9513505101203918
        }
    }
}