{
    "confidence_score": 0.9818256497383118,
    "ptm": 0.9824039340019226,
    "iptm": 0.978034496307373,
    "ligand_iptm": 0.9789199829101562,
    "protein_iptm": 0.9785269498825073,
    "complex_plddt": 0.9827734231948853,
    "complex_iplddt": 0.9590349793434143,
    "complex_pde": 0.2765861749649048,
    "complex_ipde": 0.4907371997833252,
    "chains_ptm": {
        "0": 0.9881603121757507,
        "1": 0.9879403114318848,
        "2": 0.9720214605331421
    },
    "pair_chains_iptm": {
        "0": {
            "0": 0.9881603121757507,
            "1": 0.9783175587654114,
            "2": 0.7209926247596741
        },
        "1": {
            "0": 0.9785269498825073,
            "1": 0.9879403114318848,
            "2": 0.6319782137870789
        },
        "2": {
            "0": 0.9789199829101562,
            "1": 0.9673653841018677,
            "2": 0.9720214605331421
        }
    }
}