{
    "confidence_score": 0.9657562375068665,
    "ptm": 0.9710904955863953,
    "iptm": 0.9632258415222168,
    "ligand_iptm": 0.9817667603492737,
    "protein_iptm": 0.9617575407028198,
    "complex_plddt": 0.9663888812065125,
    "complex_iplddt": 0.9296766519546509,
    "complex_pde": 0.3091508746147156,
    "complex_ipde": 0.46331802010536194,
    "chains_ptm": {
        "0": 0.9812584519386292,
        "1": 0.9807995557785034,
        "2": 0.9352262616157532
    },
    "pair_chains_iptm": {
        "0": {
            "0": 0.9812584519386292,
            "1": 0.9617575407028198,
            "2": 0.7713678479194641
        },
        "1": {
            "0": 0.9615576863288879,
            "1": 0.9807995557785034,
            "2": 0.6806407570838928
        },
        "2": {
            "0": 0.9817667603492737,
            "1": 0.9621121287345886,
            "2": 0.9352262616157532
        }
    }
}