{
    "confidence_score": 0.9686024785041809,
    "ptm": 0.9730732440948486,
    "iptm": 0.9654766917228699,
    "ligand_iptm": 0.9903287887573242,
    "protein_iptm": 0.9641043543815613,
    "complex_plddt": 0.969383955001831,
    "complex_iplddt": 0.9456232786178589,
    "complex_pde": 0.27661558985710144,
    "complex_ipde": 0.38303855061531067,
    "chains_ptm": {
        "0": 0.9823243021965027,
        "1": 0.9820558428764343,
        "2": 0.9539961814880371
    },
    "pair_chains_iptm": {
        "0": {
            "0": 0.9823243021965027,
            "1": 0.9637489318847656,
            "2": 0.7591404914855957
        },
        "1": {
            "0": 0.9641043543815613,
            "1": 0.9820558428764343,
            "2": 0.6675403714179993
        },
        "2": {
            "0": 0.9903287887573242,
            "1": 0.9713794589042664,
            "2": 0.9539961814880371
        }
    }
}