{
    "confidence_score": 0.9347330331802368,
    "ptm": 0.9450698494911194,
    "iptm": 0.9188004732131958,
    "ligand_iptm": 0.4470573663711548,
    "protein_iptm": 0.9674391746520996,
    "complex_plddt": 0.9387161731719971,
    "complex_iplddt": 0.7307796478271484,
    "complex_pde": 1.3713077306747437,
    "complex_ipde": 11.921795845031738,
    "chains_ptm": {
        "0": 0.9817948341369629,
        "1": 0.9765889048576355,
        "2": 0.9074771404266357
    },
    "pair_chains_iptm": {
        "0": {
            "0": 0.9817948341369629,
            "1": 0.9674391746520996,
            "2": 0.33010682463645935
        },
        "1": {
            "0": 0.96351158618927,
            "1": 0.9765889048576355,
            "2": 0.3017784655094147
        },
        "2": {
            "0": 0.443040668964386,
            "1": 0.4470573663711548,
            "2": 0.9074771404266357
        }
    }
}