{
    "confidence_score": 0.9758011698722839,
    "ptm": 0.9758903384208679,
    "iptm": 0.9702111482620239,
    "ligand_iptm": 0.9905158877372742,
    "protein_iptm": 0.9686306118965149,
    "complex_plddt": 0.9771987199783325,
    "complex_iplddt": 0.963215708732605,
    "complex_pde": 0.29400840401649475,
    "complex_ipde": 0.43623223900794983,
    "chains_ptm": {
        "0": 0.9826642274856567,
        "1": 0.9819844365119934,
        "2": 0.930221438407898
    },
    "pair_chains_iptm": {
        "0": {
            "0": 0.9826642274856567,
            "1": 0.9679021239280701,
            "2": 0.7692402005195618
        },
        "1": {
            "0": 0.9686306118965149,
            "1": 0.9819844365119934,
            "2": 0.6989156603813171
        },
        "2": {
            "0": 0.9905158877372742,
            "1": 0.9741512537002563,
            "2": 0.930221438407898
        }
    }
}