{
    "confidence_score": 0.9779120683670044,
    "ptm": 0.9793230891227722,
    "iptm": 0.9724739193916321,
    "ligand_iptm": 0.8591091632843018,
    "protein_iptm": 0.9791767597198486,
    "complex_plddt": 0.9792715311050415,
    "complex_iplddt": 0.9130649566650391,
    "complex_pde": 0.3553283214569092,
    "complex_ipde": 1.5762526988983154,
    "chains_ptm": {
        "0": 0.9881543517112732,
        "1": 0.987953782081604,
        "2": 0.9647448658943176
    },
    "pair_chains_iptm": {
        "0": {
            "0": 0.9881543517112732,
            "1": 0.9789639711380005,
            "2": 0.5287858843803406
        },
        "1": {
            "0": 0.9791767597198486,
            "1": 0.987953782081604,
            "2": 0.42962947487831116
        },
        "2": {
            "0": 0.8591091632843018,
            "1": 0.8356109261512756,
            "2": 0.9647448658943176
        }
    }
}