{
    "confidence_score": 0.9743217825889587,
    "ptm": 0.9751941561698914,
    "iptm": 0.9692156314849854,
    "ligand_iptm": 0.9854347705841064,
    "protein_iptm": 0.9679901599884033,
    "complex_plddt": 0.9755982756614685,
    "complex_iplddt": 0.9544579386711121,
    "complex_pde": 0.3011210262775421,
    "complex_ipde": 0.46390849351882935,
    "chains_ptm": {
        "0": 0.9824132919311523,
        "1": 0.982160747051239,
        "2": 0.9291545748710632
    },
    "pair_chains_iptm": {
        "0": {
            "0": 0.9824132919311523,
            "1": 0.9678910970687866,
            "2": 0.7652806043624878
        },
        "1": {
            "0": 0.9679901599884033,
            "1": 0.982160747051239,
            "2": 0.6921637058258057
        },
        "2": {
            "0": 0.9854347705841064,
            "1": 0.9700125455856323,
            "2": 0.9291545748710632
        }
    }
}