{
    "confidence_score": 0.9759812355041504,
    "ptm": 0.9758691191673279,
    "iptm": 0.9699564576148987,
    "ligand_iptm": 0.9905126094818115,
    "protein_iptm": 0.9687415957450867,
    "complex_plddt": 0.9774873852729797,
    "complex_iplddt": 0.9638957977294922,
    "complex_pde": 0.28824111819267273,
    "complex_ipde": 0.4244912266731262,
    "chains_ptm": {
        "0": 0.9831157922744751,
        "1": 0.9825761914253235,
        "2": 0.9329434037208557
    },
    "pair_chains_iptm": {
        "0": {
            "0": 0.9831157922744751,
            "1": 0.9684520363807678,
            "2": 0.78580641746521
        },
        "1": {
            "0": 0.9687415957450867,
            "1": 0.9825761914253235,
            "2": 0.7023515701293945
        },
        "2": {
            "0": 0.9905126094818115,
            "1": 0.9746319055557251,
            "2": 0.9329434037208557
        }
    }
}