{
    "confidence_score": 0.9679185152053833,
    "ptm": 0.971656858921051,
    "iptm": 0.9640619158744812,
    "ligand_iptm": 0.9927818179130554,
    "protein_iptm": 0.962000846862793,
    "complex_plddt": 0.9688826203346252,
    "complex_iplddt": 0.9462610483169556,
    "complex_pde": 0.28444617986679077,
    "complex_ipde": 0.35809651017189026,
    "chains_ptm": {
        "0": 0.9814245104789734,
        "1": 0.9806045889854431,
        "2": 0.9324778318405151
    },
    "pair_chains_iptm": {
        "0": {
            "0": 0.9814245104789734,
            "1": 0.962000846862793,
            "2": 0.7812142372131348
        },
        "1": {
            "0": 0.9615232944488525,
            "1": 0.9806045889854431,
            "2": 0.7016069293022156
        },
        "2": {
            "0": 0.9927818179130554,
            "1": 0.9717838764190674,
            "2": 0.9324778318405151
        }
    }
}