{
    "confidence_score": 0.9648186564445496,
    "ptm": 0.9698584079742432,
    "iptm": 0.9615694284439087,
    "ligand_iptm": 0.9812496304512024,
    "protein_iptm": 0.9606837034225464,
    "complex_plddt": 0.9656310081481934,
    "complex_iplddt": 0.9310774803161621,
    "complex_pde": 0.3127484619617462,
    "complex_ipde": 0.4712720811367035,
    "chains_ptm": {
        "0": 0.9806358218193054,
        "1": 0.9801293015480042,
        "2": 0.9317899942398071
    },
    "pair_chains_iptm": {
        "0": {
            "0": 0.9806358218193054,
            "1": 0.9606837034225464,
            "2": 0.7686518430709839
        },
        "1": {
            "0": 0.9597299695014954,
            "1": 0.9801293015480042,
            "2": 0.6878069043159485
        },
        "2": {
            "0": 0.9812496304512024,
            "1": 0.9601812362670898,
            "2": 0.9317899942398071
        }
    }
}