{
    "confidence_score": 0.9727745056152344,
    "ptm": 0.9747180938720703,
    "iptm": 0.968589186668396,
    "ligand_iptm": 0.983185887336731,
    "protein_iptm": 0.9674816727638245,
    "complex_plddt": 0.9738208055496216,
    "complex_iplddt": 0.947782039642334,
    "complex_pde": 0.31094449758529663,
    "complex_ipde": 0.5204665660858154,
    "chains_ptm": {
        "0": 0.9824052453041077,
        "1": 0.9821444153785706,
        "2": 0.9341278076171875
    },
    "pair_chains_iptm": {
        "0": {
            "0": 0.9824052453041077,
            "1": 0.9674450755119324,
            "2": 0.769296407699585
        },
        "1": {
            "0": 0.9674816727638245,
            "1": 0.9821444153785706,
            "2": 0.6909148693084717
        },
        "2": {
            "0": 0.983185887336731,
            "1": 0.964527428150177,
            "2": 0.9341278076171875
        }
    }
}