{
    "confidence_score": 0.9246749877929688,
    "ptm": 0.9366400241851807,
    "iptm": 0.8997405171394348,
    "ligand_iptm": 0.36103615164756775,
    "protein_iptm": 0.9684119820594788,
    "complex_plddt": 0.9309085607528687,
    "complex_iplddt": 0.6541268229484558,
    "complex_pde": 1.7145004272460938,
    "complex_ipde": 14.479316711425781,
    "chains_ptm": {
        "0": 0.9819785952568054,
        "1": 0.9816370010375977,
        "2": 0.8709302544593811
    },
    "pair_chains_iptm": {
        "0": {
            "0": 0.9819785952568054,
            "1": 0.9684119820594788,
            "2": 0.26650363206863403
        },
        "1": {
            "0": 0.9677582383155823,
            "1": 0.9816370010375977,
            "2": 0.24021223187446594
        },
        "2": {
            "0": 0.36103615164756775,
            "1": 0.3608214259147644,
            "2": 0.8709302544593811
        }
    }
}