{
    "confidence_score": 0.9610840082168579,
    "ptm": 0.9649500250816345,
    "iptm": 0.9437007308006287,
    "ligand_iptm": 0.243311807513237,
    "protein_iptm": 0.9800136089324951,
    "complex_plddt": 0.9654297828674316,
    "complex_iplddt": 0.7857299447059631,
    "complex_pde": 0.7235144972801208,
    "complex_ipde": 6.730208873748779,
    "chains_ptm": {
        "0": 0.9889552593231201,
        "1": 0.9888779520988464,
        "2": 0.8792544603347778
    },
    "pair_chains_iptm": {
        "0": {
            "0": 0.9889552593231201,
            "1": 0.9798405170440674,
            "2": 0.11991475522518158
        },
        "1": {
            "0": 0.9800136089324951,
            "1": 0.9888779520988464,
            "2": 0.0955708920955658
        },
        "2": {
            "0": 0.243311807513237,
            "1": 0.2242346853017807,
            "2": 0.8792544603347778
        }
    }
}