{
    "confidence_score": 0.9735442399978638,
    "ptm": 0.9746968150138855,
    "iptm": 0.968438446521759,
    "ligand_iptm": 0.9747354984283447,
    "protein_iptm": 0.9686747789382935,
    "complex_plddt": 0.9748206734657288,
    "complex_iplddt": 0.9448180794715881,
    "complex_pde": 0.3006484806537628,
    "complex_ipde": 0.5835030674934387,
    "chains_ptm": {
        "0": 0.9825268387794495,
        "1": 0.9821946620941162,
        "2": 0.9428384304046631
    },
    "pair_chains_iptm": {
        "0": {
            "0": 0.9825268387794495,
            "1": 0.9686074256896973,
            "2": 0.7158398032188416
        },
        "1": {
            "0": 0.9686747789382935,
            "1": 0.9821946620941162,
            "2": 0.6079906225204468
        },
        "2": {
            "0": 0.9747354984283447,
            "1": 0.9581050276756287,
            "2": 0.9428384304046631
        }
    }
}