{
    "confidence_score": 0.9803034067153931,
    "ptm": 0.9808654189109802,
    "iptm": 0.9760857224464417,
    "ligand_iptm": 0.9867850542068481,
    "protein_iptm": 0.9759045243263245,
    "complex_plddt": 0.981357753276825,
    "complex_iplddt": 0.963819682598114,
    "complex_pde": 0.2801705598831177,
    "complex_ipde": 0.4578157663345337,
    "chains_ptm": {
        "0": 0.9866182804107666,
        "1": 0.986380934715271,
        "2": 0.9527300000190735
    },
    "pair_chains_iptm": {
        "0": {
            "0": 0.9866182804107666,
            "1": 0.9755256772041321,
            "2": 0.7500637173652649
        },
        "1": {
            "0": 0.9759045243263245,
            "1": 0.986380934715271,
            "2": 0.664119303226471
        },
        "2": {
            "0": 0.9867850542068481,
            "1": 0.9775286316871643,
            "2": 0.9527300000190735
        }
    }
}