{
    "confidence_score": 0.9723785519599915,
    "ptm": 0.973576545715332,
    "iptm": 0.9667791128158569,
    "ligand_iptm": 0.9758620262145996,
    "protein_iptm": 0.9667595624923706,
    "complex_plddt": 0.9737783670425415,
    "complex_iplddt": 0.9454848766326904,
    "complex_pde": 0.31653645634651184,
    "complex_ipde": 0.5246483087539673,
    "chains_ptm": {
        "0": 0.9817895293235779,
        "1": 0.9814706444740295,
        "2": 0.925171971321106
    },
    "pair_chains_iptm": {
        "0": {
            "0": 0.9817895293235779,
            "1": 0.9667595624923706,
            "2": 0.7419821619987488
        },
        "1": {
            "0": 0.9666348099708557,
            "1": 0.9814706444740295,
            "2": 0.6576590538024902
        },
        "2": {
            "0": 0.9758620262145996,
            "1": 0.9595490097999573,
            "2": 0.925171971321106
        }
    }
}