{
    "confidence_score": 0.961840808391571,
    "ptm": 0.9693968296051025,
    "iptm": 0.9556320905685425,
    "ligand_iptm": 0.6965850591659546,
    "protein_iptm": 0.9770633578300476,
    "complex_plddt": 0.9633930325508118,
    "complex_iplddt": 0.8322587609291077,
    "complex_pde": 0.8400588035583496,
    "complex_ipde": 6.748162269592285,
    "chains_ptm": {
        "0": 0.9868699908256531,
        "1": 0.9871283769607544,
        "2": 0.9476780891418457
    },
    "pair_chains_iptm": {
        "0": {
            "0": 0.9868699908256531,
            "1": 0.9768034219741821,
            "2": 0.5169094800949097
        },
        "1": {
            "0": 0.9770633578300476,
            "1": 0.9871283769607544,
            "2": 0.440373033285141
        },
        "2": {
            "0": 0.6965850591659546,
            "1": 0.6846879720687866,
            "2": 0.9476780891418457
        }
    }
}