{
    "confidence_score": 0.9619172215461731,
    "ptm": 0.9667052626609802,
    "iptm": 0.9533513188362122,
    "ligand_iptm": 0.8413988351821899,
    "protein_iptm": 0.969025731086731,
    "complex_plddt": 0.9640586972236633,
    "complex_iplddt": 0.8808518648147583,
    "complex_pde": 0.6612424850463867,
    "complex_ipde": 4.060539722442627,
    "chains_ptm": {
        "0": 0.9821565747261047,
        "1": 0.98210608959198,
        "2": 0.9377155303955078
    },
    "pair_chains_iptm": {
        "0": {
            "0": 0.9821565747261047,
            "1": 0.969025731086731,
            "2": 0.6866188049316406
        },
        "1": {
            "0": 0.9679083228111267,
            "1": 0.98210608959198,
            "2": 0.6082115173339844
        },
        "2": {
            "0": 0.8413988351821899,
            "1": 0.8186601400375366,
            "2": 0.9377155303955078
        }
    }
}