{
    "confidence_score": 0.9621327519416809,
    "ptm": 0.9696202278137207,
    "iptm": 0.9607908129692078,
    "ligand_iptm": 0.9727321863174438,
    "protein_iptm": 0.9604601860046387,
    "complex_plddt": 0.9624682068824768,
    "complex_iplddt": 0.9130172729492188,
    "complex_pde": 0.32427164912223816,
    "complex_ipde": 0.5207471251487732,
    "chains_ptm": {
        "0": 0.9809638857841492,
        "1": 0.9806124567985535,
        "2": 0.9221086502075195
    },
    "pair_chains_iptm": {
        "0": {
            "0": 0.9809638857841492,
            "1": 0.9604601860046387,
            "2": 0.7661689519882202
        },
        "1": {
            "0": 0.9599350690841675,
            "1": 0.9806124567985535,
            "2": 0.6829047203063965
        },
        "2": {
            "0": 0.9727321863174438,
            "1": 0.9526795148849487,
            "2": 0.9221086502075195
        }
    }
}