{
    "confidence_score": 0.9753746390342712,
    "ptm": 0.9753644466400146,
    "iptm": 0.9692137837409973,
    "ligand_iptm": 0.9826284050941467,
    "protein_iptm": 0.9684666395187378,
    "complex_plddt": 0.9769148230552673,
    "complex_iplddt": 0.9562002420425415,
    "complex_pde": 0.29597780108451843,
    "complex_ipde": 0.5377547144889832,
    "chains_ptm": {
        "0": 0.9824647903442383,
        "1": 0.9822119474411011,
        "2": 0.9212731719017029
    },
    "pair_chains_iptm": {
        "0": {
            "0": 0.9824647903442383,
            "1": 0.968112051486969,
            "2": 0.687536895275116
        },
        "1": {
            "0": 0.9684666395187378,
            "1": 0.9822119474411011,
            "2": 0.635475754737854
        },
        "2": {
            "0": 0.9826284050941467,
            "1": 0.9662476181983948,
            "2": 0.9212731719017029
        }
    }
}