{
    "confidence_score": 0.9724259376525879,
    "ptm": 0.9778594970703125,
    "iptm": 0.9710968732833862,
    "ligand_iptm": 0.9090713262557983,
    "protein_iptm": 0.9766939878463745,
    "complex_plddt": 0.9727582335472107,
    "complex_iplddt": 0.9076498746871948,
    "complex_pde": 0.35354897379875183,
    "complex_ipde": 1.2623586654663086,
    "chains_ptm": {
        "0": 0.9866299033164978,
        "1": 0.9864182472229004,
        "2": 0.9378859996795654
    },
    "pair_chains_iptm": {
        "0": {
            "0": 0.9866299033164978,
            "1": 0.9765666127204895,
            "2": 0.5471097826957703
        },
        "1": {
            "0": 0.9766939878463745,
            "1": 0.9864182472229004,
            "2": 0.4834853708744049
        },
        "2": {
            "0": 0.9090713262557983,
            "1": 0.9007509350776672,
            "2": 0.9378859996795654
        }
    }
}