{
    "confidence_score": 0.9814113974571228,
    "ptm": 0.9812313318252563,
    "iptm": 0.976459801197052,
    "ligand_iptm": 0.9844998717308044,
    "protein_iptm": 0.9766083359718323,
    "complex_plddt": 0.9826492071151733,
    "complex_iplddt": 0.9633325338363647,
    "complex_pde": 0.28106996417045593,
    "complex_ipde": 0.4855597913265228,
    "chains_ptm": {
        "0": 0.9870250225067139,
        "1": 0.9868125319480896,
        "2": 0.9719626903533936
    },
    "pair_chains_iptm": {
        "0": {
            "0": 0.9870250225067139,
            "1": 0.9766083359718323,
            "2": 0.729584813117981
        },
        "1": {
            "0": 0.9765231013298035,
            "1": 0.9868125319480896,
            "2": 0.646553099155426
        },
        "2": {
            "0": 0.9844998717308044,
            "1": 0.9742724299430847,
            "2": 0.9719626903533936
        }
    }
}