{
    "confidence_score": 0.9630379676818848,
    "ptm": 0.966869056224823,
    "iptm": 0.9571264982223511,
    "ligand_iptm": 0.910496711730957,
    "protein_iptm": 0.9649774432182312,
    "complex_plddt": 0.9645158052444458,
    "complex_iplddt": 0.9224855899810791,
    "complex_pde": 0.5114213228225708,
    "complex_ipde": 2.402033805847168,
    "chains_ptm": {
        "0": 0.9804296493530273,
        "1": 0.9753734469413757,
        "2": 0.941988468170166
    },
    "pair_chains_iptm": {
        "0": {
            "0": 0.9804296493530273,
            "1": 0.9649774432182312,
            "2": 0.7535690665245056
        },
        "1": {
            "0": 0.9609678387641907,
            "1": 0.9753734469413757,
            "2": 0.6697524189949036
        },
        "2": {
            "0": 0.910496711730957,
            "1": 0.8960171937942505,
            "2": 0.941988468170166
        }
    }
}