{
    "confidence_score": 0.9629762768745422,
    "ptm": 0.9709264636039734,
    "iptm": 0.9621533751487732,
    "ligand_iptm": 0.9518136978149414,
    "protein_iptm": 0.9633660316467285,
    "complex_plddt": 0.9631820321083069,
    "complex_iplddt": 0.9006547927856445,
    "complex_pde": 0.3197604715824127,
    "complex_ipde": 0.8034060597419739,
    "chains_ptm": {
        "0": 0.981555700302124,
        "1": 0.9813010692596436,
        "2": 0.9261566996574402
    },
    "pair_chains_iptm": {
        "0": {
            "0": 0.981555700302124,
            "1": 0.9631785750389099,
            "2": 0.6317833662033081
        },
        "1": {
            "0": 0.9633660316467285,
            "1": 0.9813010692596436,
            "2": 0.5487141609191895
        },
        "2": {
            "0": 0.9518136978149414,
            "1": 0.9349253177642822,
            "2": 0.9261566996574402
        }
    }
}