{
    "confidence_score": 0.9591123461723328,
    "ptm": 0.9644683599472046,
    "iptm": 0.952629566192627,
    "ligand_iptm": 0.920924961566925,
    "protein_iptm": 0.9586313962936401,
    "complex_plddt": 0.9607330560684204,
    "complex_iplddt": 0.8887660503387451,
    "complex_pde": 0.47690629959106445,
    "complex_ipde": 2.2153828144073486,
    "chains_ptm": {
        "0": 0.9789651036262512,
        "1": 0.9793957471847534,
        "2": 0.9348046779632568
    },
    "pair_chains_iptm": {
        "0": {
            "0": 0.9789651036262512,
            "1": 0.9573267102241516,
            "2": 0.6622302532196045
        },
        "1": {
            "0": 0.9586313962936401,
            "1": 0.9793957471847534,
            "2": 0.7509282231330872
        },
        "2": {
            "0": 0.9024824500083923,
            "1": 0.920924961566925,
            "2": 0.9348046779632568
        }
    }
}