{
    "confidence_score": 0.9677078127861023,
    "ptm": 0.970746636390686,
    "iptm": 0.9630001783370972,
    "ligand_iptm": 0.90867018699646,
    "protein_iptm": 0.9692220687866211,
    "complex_plddt": 0.9688847064971924,
    "complex_iplddt": 0.9317706227302551,
    "complex_pde": 0.4808625876903534,
    "complex_ipde": 2.3615713119506836,
    "chains_ptm": {
        "0": 0.9825637340545654,
        "1": 0.9777326583862305,
        "2": 0.9377226829528809
    },
    "pair_chains_iptm": {
        "0": {
            "0": 0.9825637340545654,
            "1": 0.9692220687866211,
            "2": 0.7281762361526489
        },
        "1": {
            "0": 0.9654292464256287,
            "1": 0.9777326583862305,
            "2": 0.6512458920478821
        },
        "2": {
            "0": 0.90867018699646,
            "1": 0.8955546617507935,
            "2": 0.9377226829528809
        }
    }
}