{
    "confidence_score": 0.9682408571243286,
    "ptm": 0.9702579379081726,
    "iptm": 0.9619076251983643,
    "ligand_iptm": 0.9918476343154907,
    "protein_iptm": 0.959747314453125,
    "complex_plddt": 0.9698241353034973,
    "complex_iplddt": 0.9509140849113464,
    "complex_pde": 0.2853982448577881,
    "complex_ipde": 0.3743061125278473,
    "chains_ptm": {
        "0": 0.9809286594390869,
        "1": 0.9802232980728149,
        "2": 0.9378935694694519
    },
    "pair_chains_iptm": {
        "0": {
            "0": 0.9809286594390869,
            "1": 0.959747314453125,
            "2": 0.7841986417770386
        },
        "1": {
            "0": 0.9594791531562805,
            "1": 0.9802232980728149,
            "2": 0.6877639293670654
        },
        "2": {
            "0": 0.9918476343154907,
            "1": 0.9696793556213379,
            "2": 0.9378935694694519
        }
    }
}