{
    "confidence_score": 0.956453800201416,
    "ptm": 0.9638941287994385,
    "iptm": 0.9489145874977112,
    "ligand_iptm": 0.787682056427002,
    "protein_iptm": 0.9674440026283264,
    "complex_plddt": 0.9583386182785034,
    "complex_iplddt": 0.8451830148696899,
    "complex_pde": 0.6936002969741821,
    "complex_ipde": 4.4187912940979,
    "chains_ptm": {
        "0": 0.9811698794364929,
        "1": 0.9812710285186768,
        "2": 0.9058002829551697
    },
    "pair_chains_iptm": {
        "0": {
            "0": 0.9811698794364929,
            "1": 0.9667994976043701,
            "2": 0.4725644886493683
        },
        "1": {
            "0": 0.9674440026283264,
            "1": 0.9812710285186768,
            "2": 0.567327618598938
        },
        "2": {
            "0": 0.7685932517051697,
            "1": 0.787682056427002,
            "2": 0.9058002829551697
        }
    }
}