{
    "confidence_score": 0.9741970896720886,
    "ptm": 0.9751975536346436,
    "iptm": 0.9694129824638367,
    "ligand_iptm": 0.9881077408790588,
    "protein_iptm": 0.9679239392280579,
    "complex_plddt": 0.9753931164741516,
    "complex_iplddt": 0.9566642642021179,
    "complex_pde": 0.30100470781326294,
    "complex_ipde": 0.46469905972480774,
    "chains_ptm": {
        "0": 0.98207026720047,
        "1": 0.9817006587982178,
        "2": 0.9402372241020203
    },
    "pair_chains_iptm": {
        "0": {
            "0": 0.98207026720047,
            "1": 0.9673049449920654,
            "2": 0.7874376177787781
        },
        "1": {
            "0": 0.9679239392280579,
            "1": 0.9817006587982178,
            "2": 0.7112531661987305
        },
        "2": {
            "0": 0.9881077408790588,
            "1": 0.9695035815238953,
            "2": 0.9402372241020203
        }
    }
}