{
    "confidence_score": 0.947095513343811,
    "ptm": 0.9584511518478394,
    "iptm": 0.9397854804992676,
    "ligand_iptm": 0.6876497864723206,
    "protein_iptm": 0.9687454104423523,
    "complex_plddt": 0.9489229321479797,
    "complex_iplddt": 0.785436749458313,
    "complex_pde": 1.0156174898147583,
    "complex_ipde": 7.2391228675842285,
    "chains_ptm": {
        "0": 0.9823692440986633,
        "1": 0.9815284013748169,
        "2": 0.9124045968055725
    },
    "pair_chains_iptm": {
        "0": {
            "0": 0.9823692440986633,
            "1": 0.9687454104423523,
            "2": 0.4154335558414459
        },
        "1": {
            "0": 0.9685201644897461,
            "1": 0.9815284013748169,
            "2": 0.4981979429721832
        },
        "2": {
            "0": 0.6711705327033997,
            "1": 0.6876497864723206,
            "2": 0.9124045968055725
        }
    }
}