{
    "confidence_score": 0.9486427307128906,
    "ptm": 0.9581183791160583,
    "iptm": 0.9387426376342773,
    "ligand_iptm": 0.7092593312263489,
    "protein_iptm": 0.9661622047424316,
    "complex_plddt": 0.951117753982544,
    "complex_iplddt": 0.8024627566337585,
    "complex_pde": 0.8832862973213196,
    "complex_ipde": 6.228424549102783,
    "chains_ptm": {
        "0": 0.9808311462402344,
        "1": 0.9798721671104431,
        "2": 0.8966749310493469
    },
    "pair_chains_iptm": {
        "0": {
            "0": 0.9808311462402344,
            "1": 0.9656796455383301,
            "2": 0.41615939140319824
        },
        "1": {
            "0": 0.9661622047424316,
            "1": 0.9798721671104431,
            "2": 0.4831916093826294
        },
        "2": {
            "0": 0.6923321485519409,
            "1": 0.7092593312263489,
            "2": 0.8966749310493469
        }
    }
}