{
    "confidence_score": 0.9737532734870911,
    "ptm": 0.9747580885887146,
    "iptm": 0.9686508774757385,
    "ligand_iptm": 0.9867603182792664,
    "protein_iptm": 0.9677786231040955,
    "complex_plddt": 0.9750288724899292,
    "complex_iplddt": 0.9550176858901978,
    "complex_pde": 0.3006492853164673,
    "complex_ipde": 0.4677610397338867,
    "chains_ptm": {
        "0": 0.9823594093322754,
        "1": 0.9819313883781433,
        "2": 0.9394620656967163
    },
    "pair_chains_iptm": {
        "0": {
            "0": 0.9823594093322754,
            "1": 0.9676744937896729,
            "2": 0.767132580280304
        },
        "1": {
            "0": 0.9677786231040955,
            "1": 0.9819313883781433,
            "2": 0.6817012429237366
        },
        "2": {
            "0": 0.9867603182792664,
            "1": 0.9694042205810547,
            "2": 0.9394620656967163
        }
    }
}