{
    "confidence_score": 0.9819862246513367,
    "ptm": 0.9819862246513367,
    "iptm": 0.9774750471115112,
    "ligand_iptm": 0.988394558429718,
    "protein_iptm": 0.9770143628120422,
    "complex_plddt": 0.9831140041351318,
    "complex_iplddt": 0.9683537483215332,
    "complex_pde": 0.2755095660686493,
    "complex_ipde": 0.41181209683418274,
    "chains_ptm": {
        "0": 0.9875302910804749,
        "1": 0.9872269630432129,
        "2": 0.9374853372573853
    },
    "pair_chains_iptm": {
        "0": {
            "0": 0.9875302910804749,
            "1": 0.9770143628120422,
            "2": 0.7752257585525513
        },
        "1": {
            "0": 0.9768890738487244,
            "1": 0.9872269630432129,
            "2": 0.6994649767875671
        },
        "2": {
            "0": 0.988394558429718,
            "1": 0.9810038805007935,
            "2": 0.9374853372573853
        }
    }
}