{
    "confidence_score": 0.9647896885871887,
    "ptm": 0.9702860116958618,
    "iptm": 0.9587023854255676,
    "ligand_iptm": 0.8481857776641846,
    "protein_iptm": 0.9697827100753784,
    "complex_plddt": 0.966311514377594,
    "complex_iplddt": 0.8944822549819946,
    "complex_pde": 0.5520225763320923,
    "complex_ipde": 3.415172576904297,
    "chains_ptm": {
        "0": 0.9828311204910278,
        "1": 0.9820824861526489,
        "2": 0.9569742679595947
    },
    "pair_chains_iptm": {
        "0": {
            "0": 0.9828311204910278,
            "1": 0.9697827100753784,
            "2": 0.6645618081092834
        },
        "1": {
            "0": 0.9695999622344971,
            "1": 0.9820824861526489,
            "2": 0.583930253982544
        },
        "2": {
            "0": 0.8481857776641846,
            "1": 0.8336372971534729,
            "2": 0.9569742679595947
        }
    }
}