{
    "confidence_score": 0.9350548982620239,
    "ptm": 0.9464818835258484,
    "iptm": 0.9187471270561218,
    "ligand_iptm": 0.6407315135002136,
    "protein_iptm": 0.9596092104911804,
    "complex_plddt": 0.9391318559646606,
    "complex_iplddt": 0.7240927815437317,
    "complex_pde": 1.079044222831726,
    "complex_ipde": 7.9091105461120605,
    "chains_ptm": {
        "0": 0.9791476130485535,
        "1": 0.9791239500045776,
        "2": 0.8392444252967834
    },
    "pair_chains_iptm": {
        "0": {
            "0": 0.9791476130485535,
            "1": 0.9596092104911804,
            "2": 0.4868462085723877
        },
        "1": {
            "0": 0.9584363698959351,
            "1": 0.9791239500045776,
            "2": 0.4234241247177124
        },
        "2": {
            "0": 0.6407315135002136,
            "1": 0.6155799031257629,
            "2": 0.8392444252967834
        }
    }
}