{
    "confidence_score": 0.9713618159294128,
    "ptm": 0.973616898059845,
    "iptm": 0.9636746048927307,
    "ligand_iptm": 0.82536381483078,
    "protein_iptm": 0.9753982424736023,
    "complex_plddt": 0.973283588886261,
    "complex_iplddt": 0.8876891136169434,
    "complex_pde": 0.6209729313850403,
    "complex_ipde": 4.377650260925293,
    "chains_ptm": {
        "0": 0.9866829514503479,
        "1": 0.9861199855804443,
        "2": 0.9207550883293152
    },
    "pair_chains_iptm": {
        "0": {
            "0": 0.9866829514503479,
            "1": 0.9753982424736023,
            "2": 0.6387925148010254
        },
        "1": {
            "0": 0.9751726984977722,
            "1": 0.9861199855804443,
            "2": 0.5662650465965271
        },
        "2": {
            "0": 0.82536381483078,
            "1": 0.8068174123764038,
            "2": 0.9207550883293152
        }
    }
}