{
    "confidence_score": 0.9660232663154602,
    "ptm": 0.969262421131134,
    "iptm": 0.9578031301498413,
    "ligand_iptm": 0.8630085587501526,
    "protein_iptm": 0.9686954617500305,
    "complex_plddt": 0.9680783152580261,
    "complex_iplddt": 0.9077096581459045,
    "complex_pde": 0.5767166018486023,
    "complex_ipde": 3.440781354904175,
    "chains_ptm": {
        "0": 0.9824693202972412,
        "1": 0.9805007576942444,
        "2": 0.9636121392250061
    },
    "pair_chains_iptm": {
        "0": {
            "0": 0.9824693202972412,
            "1": 0.9686954617500305,
            "2": 0.715139627456665
        },
        "1": {
            "0": 0.9679696559906006,
            "1": 0.9805007576942444,
            "2": 0.6307717561721802
        },
        "2": {
            "0": 0.8630085587501526,
            "1": 0.8430320024490356,
            "2": 0.9636121392250061
        }
    }
}