{
    "confidence_score": 0.9678782820701599,
    "ptm": 0.9700680375099182,
    "iptm": 0.9619035124778748,
    "ligand_iptm": 0.991681694984436,
    "protein_iptm": 0.9593724608421326,
    "complex_plddt": 0.9693719744682312,
    "complex_iplddt": 0.9470451474189758,
    "complex_pde": 0.28630638122558594,
    "complex_ipde": 0.3667825162410736,
    "chains_ptm": {
        "0": 0.9805861711502075,
        "1": 0.9797379374504089,
        "2": 0.9312835931777954
    },
    "pair_chains_iptm": {
        "0": {
            "0": 0.9805861711502075,
            "1": 0.9593724608421326,
            "2": 0.7781863808631897
        },
        "1": {
            "0": 0.9592581987380981,
            "1": 0.9797379374504089,
            "2": 0.6926990151405334
        },
        "2": {
            "0": 0.991681694984436,
            "1": 0.9706949591636658,
            "2": 0.9312835931777954
        }
    }
}