{
    "confidence_score": 0.966620147228241,
    "ptm": 0.9719184637069702,
    "iptm": 0.96368408203125,
    "ligand_iptm": 0.9799739122390747,
    "protein_iptm": 0.9627814292907715,
    "complex_plddt": 0.9673541784286499,
    "complex_iplddt": 0.933480441570282,
    "complex_pde": 0.2856985330581665,
    "complex_ipde": 0.47212374210357666,
    "chains_ptm": {
        "0": 0.9822112917900085,
        "1": 0.9820019006729126,
        "2": 0.9305332899093628
    },
    "pair_chains_iptm": {
        "0": {
            "0": 0.9822112917900085,
            "1": 0.9627709984779358,
            "2": 0.6516603827476501
        },
        "1": {
            "0": 0.9627814292907715,
            "1": 0.9820019006729126,
            "2": 0.5963947772979736
        },
        "2": {
            "0": 0.9799739122390747,
            "1": 0.9624160528182983,
            "2": 0.9305332899093628
        }
    }
}