{
    "confidence_score": 0.9735293388366699,
    "ptm": 0.9744496941566467,
    "iptm": 0.9684095978736877,
    "ligand_iptm": 0.9825352430343628,
    "protein_iptm": 0.9675192832946777,
    "complex_plddt": 0.9748092293739319,
    "complex_iplddt": 0.9515243768692017,
    "complex_pde": 0.31507834792137146,
    "complex_ipde": 0.4989781677722931,
    "chains_ptm": {
        "0": 0.9821786284446716,
        "1": 0.981680154800415,
        "2": 0.9348303079605103
    },
    "pair_chains_iptm": {
        "0": {
            "0": 0.9821786284446716,
            "1": 0.9671188592910767,
            "2": 0.7786953449249268
        },
        "1": {
            "0": 0.9675192832946777,
            "1": 0.981680154800415,
            "2": 0.7017860412597656
        },
        "2": {
            "0": 0.9825352430343628,
            "1": 0.9656239748001099,
            "2": 0.9348303079605103
        }
    }
}