{
    "confidence_score": 0.9497875571250916,
    "ptm": 0.9588446617126465,
    "iptm": 0.9422701001167297,
    "ligand_iptm": 0.6578157544136047,
    "protein_iptm": 0.9690320491790771,
    "complex_plddt": 0.9516668319702148,
    "complex_iplddt": 0.8029723167419434,
    "complex_pde": 1.0098233222961426,
    "complex_ipde": 7.743564128875732,
    "chains_ptm": {
        "0": 0.9827289581298828,
        "1": 0.977520763874054,
        "2": 0.8954826593399048
    },
    "pair_chains_iptm": {
        "0": {
            "0": 0.9827289581298828,
            "1": 0.9690320491790771,
            "2": 0.41914087533950806
        },
        "1": {
            "0": 0.9661439061164856,
            "1": 0.977520763874054,
            "2": 0.4568697214126587
        },
        "2": {
            "0": 0.6408650279045105,
            "1": 0.6578157544136047,
            "2": 0.8954826593399048
        }
    }
}