{
    "confidence_score": 0.9727789163589478,
    "ptm": 0.9743650555610657,
    "iptm": 0.9680557250976562,
    "ligand_iptm": 0.98380047082901,
    "protein_iptm": 0.9671897888183594,
    "complex_plddt": 0.9739596247673035,
    "complex_iplddt": 0.9504784345626831,
    "complex_pde": 0.3125595152378082,
    "complex_ipde": 0.5130225419998169,
    "chains_ptm": {
        "0": 0.9821757078170776,
        "1": 0.981606125831604,
        "2": 0.9497962594032288
    },
    "pair_chains_iptm": {
        "0": {
            "0": 0.9821757078170776,
            "1": 0.9671875238418579,
            "2": 0.7927183508872986
        },
        "1": {
            "0": 0.9671897888183594,
            "1": 0.981606125831604,
            "2": 0.7016168236732483
        },
        "2": {
            "0": 0.98380047082901,
            "1": 0.9660427570343018,
            "2": 0.9497962594032288
        }
    }
}