{
    "confidence_score": 0.9671179056167603,
    "ptm": 0.9687691330909729,
    "iptm": 0.9514822363853455,
    "ligand_iptm": 0.39037024974823,
    "protein_iptm": 0.9797533750534058,
    "complex_plddt": 0.9710267782211304,
    "complex_iplddt": 0.8351144790649414,
    "complex_pde": 0.6583154201507568,
    "complex_ipde": 6.069789886474609,
    "chains_ptm": {
        "0": 0.988651692867279,
        "1": 0.9886072874069214,
        "2": 0.9327895045280457
    },
    "pair_chains_iptm": {
        "0": {
            "0": 0.988651692867279,
            "1": 0.979701578617096,
            "2": 0.1739262342453003
        },
        "1": {
            "0": 0.9797533750534058,
            "1": 0.9886072874069214,
            "2": 0.12148574739694595
        },
        "2": {
            "0": 0.39037024974823,
            "1": 0.3463453948497772,
            "2": 0.9327895045280457
        }
    }
}