{
    "confidence_score": 0.9698482751846313,
    "ptm": 0.975753903388977,
    "iptm": 0.9690922498703003,
    "ligand_iptm": 0.9558195471763611,
    "protein_iptm": 0.971230149269104,
    "complex_plddt": 0.9700372815132141,
    "complex_iplddt": 0.921587347984314,
    "complex_pde": 0.32516372203826904,
    "complex_ipde": 0.7774544954299927,
    "chains_ptm": {
        "0": 0.983788013458252,
        "1": 0.9835279583930969,
        "2": 0.9407857656478882
    },
    "pair_chains_iptm": {
        "0": {
            "0": 0.983788013458252,
            "1": 0.9710038900375366,
            "2": 0.6818874478340149
        },
        "1": {
            "0": 0.971230149269104,
            "1": 0.9835279583930969,
            "2": 0.5790755748748779
        },
        "2": {
            "0": 0.9558195471763611,
            "1": 0.9421867728233337,
            "2": 0.9407857656478882
        }
    }
}