{
    "confidence_score": 0.9663134813308716,
    "ptm": 0.9704358577728271,
    "iptm": 0.962536096572876,
    "ligand_iptm": 0.9883419871330261,
    "protein_iptm": 0.9608525633811951,
    "complex_plddt": 0.9672577977180481,
    "complex_iplddt": 0.9369629621505737,
    "complex_pde": 0.3020564615726471,
    "complex_ipde": 0.4148044288158417,
    "chains_ptm": {
        "0": 0.9806972742080688,
        "1": 0.9800869226455688,
        "2": 0.9341785907745361
    },
    "pair_chains_iptm": {
        "0": {
            "0": 0.9806972742080688,
            "1": 0.9608525633811951,
            "2": 0.7669998407363892
        },
        "1": {
            "0": 0.9602330327033997,
            "1": 0.9800869226455688,
            "2": 0.6758909821510315
        },
        "2": {
            "0": 0.9883419871330261,
            "1": 0.9675069451332092,
            "2": 0.9341785907745361
        }
    }
}