{
    "confidence_score": 0.9506651759147644,
    "ptm": 0.957037091255188,
    "iptm": 0.936743974685669,
    "ligand_iptm": 0.5898902416229248,
    "protein_iptm": 0.9698678255081177,
    "complex_plddt": 0.9541454911231995,
    "complex_iplddt": 0.8041036128997803,
    "complex_pde": 1.0732759237289429,
    "complex_ipde": 8.79988956451416,
    "chains_ptm": {
        "0": 0.9825669527053833,
        "1": 0.9782530069351196,
        "2": 0.8993910551071167
    },
    "pair_chains_iptm": {
        "0": {
            "0": 0.9825669527053833,
            "1": 0.9698678255081177,
            "2": 0.41141533851623535
        },
        "1": {
            "0": 0.9664271473884583,
            "1": 0.9782530069351196,
            "2": 0.3645334839820862
        },
        "2": {
            "0": 0.5898902416229248,
            "1": 0.5719714760780334,
            "2": 0.8993910551071167
        }
    }
}