{
    "confidence_score": 0.9793151021003723,
    "ptm": 0.979680597782135,
    "iptm": 0.9749694466590881,
    "ligand_iptm": 0.9911825656890869,
    "protein_iptm": 0.9744510650634766,
    "complex_plddt": 0.9804015159606934,
    "complex_iplddt": 0.9678918123245239,
    "complex_pde": 0.27457767724990845,
    "complex_ipde": 0.3986203074455261,
    "chains_ptm": {
        "0": 0.9857020378112793,
        "1": 0.9853925704956055,
        "2": 0.9466975927352905
    },
    "pair_chains_iptm": {
        "0": {
            "0": 0.9857020378112793,
            "1": 0.9742244482040405,
            "2": 0.770606517791748
        },
        "1": {
            "0": 0.9744510650634766,
            "1": 0.9853925704956055,
            "2": 0.6894053220748901
        },
        "2": {
            "0": 0.9911825656890869,
            "1": 0.9806373119354248,
            "2": 0.9466975927352905
        }
    }
}