{
    "confidence_score": 0.9732916951179504,
    "ptm": 0.9746828675270081,
    "iptm": 0.9686297178268433,
    "ligand_iptm": 0.9864359498023987,
    "protein_iptm": 0.9673984050750732,
    "complex_plddt": 0.9744571447372437,
    "complex_iplddt": 0.9522806406021118,
    "complex_pde": 0.30574965476989746,
    "complex_ipde": 0.4925053119659424,
    "chains_ptm": {
        "0": 0.9820073246955872,
        "1": 0.981900691986084,
        "2": 0.9391452670097351
    },
    "pair_chains_iptm": {
        "0": {
            "0": 0.9820073246955872,
            "1": 0.9673984050750732,
            "2": 0.7766810059547424
        },
        "1": {
            "0": 0.9672613143920898,
            "1": 0.981900691986084,
            "2": 0.7021271586418152
        },
        "2": {
            "0": 0.9864359498023987,
            "1": 0.9667900800704956,
            "2": 0.9391452670097351
        }
    }
}