{
    "confidence_score": 0.9628564715385437,
    "ptm": 0.964621365070343,
    "iptm": 0.9538702964782715,
    "ligand_iptm": 0.869097888469696,
    "protein_iptm": 0.9648991823196411,
    "complex_plddt": 0.9651030898094177,
    "complex_iplddt": 0.9067121148109436,
    "complex_pde": 0.599583089351654,
    "complex_ipde": 3.325063467025757,
    "chains_ptm": {
        "0": 0.9802806377410889,
        "1": 0.9747181534767151,
        "2": 0.9231733083724976
    },
    "pair_chains_iptm": {
        "0": {
            "0": 0.9802806377410889,
            "1": 0.9648991823196411,
            "2": 0.6927399039268494
        },
        "1": {
            "0": 0.9605768322944641,
            "1": 0.9747181534767151,
            "2": 0.6182190775871277
        },
        "2": {
            "0": 0.869097888469696,
            "1": 0.851396918296814,
            "2": 0.9231733083724976
        }
    }
}