{
    "confidence_score": 0.9344092607498169,
    "ptm": 0.9424684643745422,
    "iptm": 0.910394012928009,
    "ligand_iptm": 0.37877175211906433,
    "protein_iptm": 0.9668394923210144,
    "complex_plddt": 0.9404130578041077,
    "complex_iplddt": 0.7189720869064331,
    "complex_pde": 1.556217908859253,
    "complex_ipde": 13.391225814819336,
    "chains_ptm": {
        "0": 0.9806352257728577,
        "1": 0.9808570742607117,
        "2": 0.9047883749008179
    },
    "pair_chains_iptm": {
        "0": {
            "0": 0.9806352257728577,
            "1": 0.9667554497718811,
            "2": 0.31546255946159363
        },
        "1": {
            "0": 0.9668394923210144,
            "1": 0.9808570742607117,
            "2": 0.2783081829547882
        },
        "2": {
            "0": 0.37668412923812866,
            "1": 0.37877175211906433,
            "2": 0.9047883749008179
        }
    }
}