{
    "confidence_score": 0.9308838248252869,
    "ptm": 0.9400667548179626,
    "iptm": 0.9075308442115784,
    "ligand_iptm": 0.3965787887573242,
    "protein_iptm": 0.9650127291679382,
    "complex_plddt": 0.9367219805717468,
    "complex_iplddt": 0.7087112069129944,
    "complex_pde": 1.5608258247375488,
    "complex_ipde": 13.119389533996582,
    "chains_ptm": {
        "0": 0.9803463816642761,
        "1": 0.9793520569801331,
        "2": 0.8874274492263794
    },
    "pair_chains_iptm": {
        "0": {
            "0": 0.9803463816642761,
            "1": 0.9650127291679382,
            "2": 0.317583829164505
        },
        "1": {
            "0": 0.9637820720672607,
            "1": 0.9793520569801331,
            "2": 0.28352171182632446
        },
        "2": {
            "0": 0.3965787887573242,
            "1": 0.39520004391670227,
            "2": 0.8874274492263794
        }
    }
}