{
    "confidence_score": 0.9827913641929626,
    "ptm": 0.982725977897644,
    "iptm": 0.9788286685943604,
    "ligand_iptm": 0.9869270324707031,
    "protein_iptm": 0.9788155555725098,
    "complex_plddt": 0.9837819337844849,
    "complex_iplddt": 0.9682111740112305,
    "complex_pde": 0.2742832601070404,
    "complex_ipde": 0.42355602979660034,
    "chains_ptm": {
        "0": 0.9880806803703308,
        "1": 0.9879260659217834,
        "2": 0.9712397456169128
    },
    "pair_chains_iptm": {
        "0": {
            "0": 0.9880806803703308,
            "1": 0.9786720275878906,
            "2": 0.7311514019966125
        },
        "1": {
            "0": 0.9788155555725098,
            "1": 0.9879260659217834,
            "2": 0.6521138548851013
        },
        "2": {
            "0": 0.9869270324707031,
            "1": 0.9782935380935669,
            "2": 0.9712397456169128
        }
    }
}