{
    "confidence_score": 0.9654580354690552,
    "ptm": 0.9726247191429138,
    "iptm": 0.9650769233703613,
    "ligand_iptm": 0.9746013283729553,
    "protein_iptm": 0.9646376967430115,
    "complex_plddt": 0.9655532836914062,
    "complex_iplddt": 0.9228475689888,
    "complex_pde": 0.29345008730888367,
    "complex_ipde": 0.5445089340209961,
    "chains_ptm": {
        "0": 0.9819387197494507,
        "1": 0.9819119572639465,
        "2": 0.9378255009651184
    },
    "pair_chains_iptm": {
        "0": {
            "0": 0.9819387197494507,
            "1": 0.964381754398346,
            "2": 0.6696894764900208
        },
        "1": {
            "0": 0.9646376967430115,
            "1": 0.9819119572639465,
            "2": 0.5794746279716492
        },
        "2": {
            "0": 0.9746013283729553,
            "1": 0.9564937353134155,
            "2": 0.9378255009651184
        }
    }
}