{
    "confidence_score": 0.9652318954467773,
    "ptm": 0.9708648920059204,
    "iptm": 0.9632113575935364,
    "ligand_iptm": 0.9796543121337891,
    "protein_iptm": 0.9620195031166077,
    "complex_plddt": 0.965736985206604,
    "complex_iplddt": 0.9287557005882263,
    "complex_pde": 0.314108282327652,
    "complex_ipde": 0.4877736270427704,
    "chains_ptm": {
        "0": 0.9806751012802124,
        "1": 0.9804978370666504,
        "2": 0.9345715641975403
    },
    "pair_chains_iptm": {
        "0": {
            "0": 0.9806751012802124,
            "1": 0.9620195031166077,
            "2": 0.7673414945602417
        },
        "1": {
            "0": 0.961885392665863,
            "1": 0.9804978370666504,
            "2": 0.6850240230560303
        },
        "2": {
            "0": 0.9796543121337891,
            "1": 0.9581226706504822,
            "2": 0.9345715641975403
        }
    }
}