{
    "confidence_score": 0.9686118960380554,
    "ptm": 0.9725179672241211,
    "iptm": 0.9651244878768921,
    "ligand_iptm": 0.9899674654006958,
    "protein_iptm": 0.9640322327613831,
    "complex_plddt": 0.9694837927818298,
    "complex_iplddt": 0.9459052085876465,
    "complex_pde": 0.28967055678367615,
    "complex_ipde": 0.37761977314949036,
    "chains_ptm": {
        "0": 0.9821798801422119,
        "1": 0.9813005328178406,
        "2": 0.9294373989105225
    },
    "pair_chains_iptm": {
        "0": {
            "0": 0.9821798801422119,
            "1": 0.9640322327613831,
            "2": 0.771371603012085
        },
        "1": {
            "0": 0.9630314707756042,
            "1": 0.9813005328178406,
            "2": 0.6839169263839722
        },
        "2": {
            "0": 0.9899674654006958,
            "1": 0.9710099697113037,
            "2": 0.9294373989105225
        }
    }
}