{
    "confidence_score": 0.9440926909446716,
    "ptm": 0.9511997103691101,
    "iptm": 0.9246509075164795,
    "ligand_iptm": 0.5325106978416443,
    "protein_iptm": 0.9666469693183899,
    "complex_plddt": 0.9489530920982361,
    "complex_iplddt": 0.7612971067428589,
    "complex_pde": 1.2092201709747314,
    "complex_ipde": 10.355270385742188,
    "chains_ptm": {
        "0": 0.9821186065673828,
        "1": 0.9806798696517944,
        "2": 0.9146991968154907
    },
    "pair_chains_iptm": {
        "0": {
            "0": 0.9821186065673828,
            "1": 0.966301679611206,
            "2": 0.3538888692855835
        },
        "1": {
            "0": 0.9666469693183899,
            "1": 0.9806798696517944,
            "2": 0.3937704265117645
        },
        "2": {
            "0": 0.5168576240539551,
            "1": 0.5325106978416443,
            "2": 0.9146991968154907
        }
    }
}