{
    "confidence_score": 0.9679838418960571,
    "ptm": 0.9713839888572693,
    "iptm": 0.963284969329834,
    "ligand_iptm": 0.991668164730072,
    "protein_iptm": 0.9614329934120178,
    "complex_plddt": 0.9691585302352905,
    "complex_iplddt": 0.9463330507278442,
    "complex_pde": 0.2860042154788971,
    "complex_ipde": 0.3708925247192383,
    "chains_ptm": {
        "0": 0.9816387891769409,
        "1": 0.9807893633842468,
        "2": 0.9322424530982971
    },
    "pair_chains_iptm": {
        "0": {
            "0": 0.9816387891769409,
            "1": 0.9614329934120178,
            "2": 0.7816107869148254
        },
        "1": {
            "0": 0.9608458280563354,
            "1": 0.9807893633842468,
            "2": 0.6901227235794067
        },
        "2": {
            "0": 0.991668164730072,
            "1": 0.971477210521698,
            "2": 0.9322424530982971
        }
    }
}