{
    "confidence_score": 0.9745479822158813,
    "ptm": 0.9753457903862,
    "iptm": 0.9694544076919556,
    "ligand_iptm": 0.9911437630653381,
    "protein_iptm": 0.9683029651641846,
    "complex_plddt": 0.9758213758468628,
    "complex_iplddt": 0.9602720737457275,
    "complex_pde": 0.2922559380531311,
    "complex_ipde": 0.4294968545436859,
    "chains_ptm": {
        "0": 0.982793390750885,
        "1": 0.9823890328407288,
        "2": 0.9333357214927673
    },
    "pair_chains_iptm": {
        "0": {
            "0": 0.982793390750885,
            "1": 0.9683029651641846,
            "2": 0.7852023839950562
        },
        "1": {
            "0": 0.9682883620262146,
            "1": 0.9823890328407288,
            "2": 0.6839893460273743
        },
        "2": {
            "0": 0.9911437630653381,
            "1": 0.9740513563156128,
            "2": 0.9333357214927673
        }
    }
}