{
    "confidence_score": 0.9822942018508911,
    "ptm": 0.9821826219558716,
    "iptm": 0.9778990149497986,
    "ligand_iptm": 0.9819733500480652,
    "protein_iptm": 0.9781257510185242,
    "complex_plddt": 0.9833930134773254,
    "complex_iplddt": 0.9636499881744385,
    "complex_pde": 0.2782081663608551,
    "complex_ipde": 0.4761556386947632,
    "chains_ptm": {
        "0": 0.9878138303756714,
        "1": 0.9875761270523071,
        "2": 0.9700126051902771
    },
    "pair_chains_iptm": {
        "0": {
            "0": 0.9878138303756714,
            "1": 0.9781241416931152,
            "2": 0.6279928088188171
        },
        "1": {
            "0": 0.9781257510185242,
            "1": 0.9875761270523071,
            "2": 0.7211015820503235
        },
        "2": {
            "0": 0.9733958840370178,
            "1": 0.9819733500480652,
            "2": 0.9700126051902771
        }
    }
}