{
    "confidence_score": 0.9646316766738892,
    "ptm": 0.9695244431495667,
    "iptm": 0.9612925052642822,
    "ligand_iptm": 0.9814966917037964,
    "protein_iptm": 0.9601451754570007,
    "complex_plddt": 0.9654664397239685,
    "complex_iplddt": 0.9287143349647522,
    "complex_pde": 0.3104148507118225,
    "complex_ipde": 0.47874146699905396,
    "chains_ptm": {
        "0": 0.9802549481391907,
        "1": 0.979743242263794,
        "2": 0.9319729804992676
    },
    "pair_chains_iptm": {
        "0": {
            "0": 0.9802549481391907,
            "1": 0.9601451754570007,
            "2": 0.7662934064865112
        },
        "1": {
            "0": 0.9593995809555054,
            "1": 0.979743242263794,
            "2": 0.6784208416938782
        },
        "2": {
            "0": 0.9814966917037964,
            "1": 0.9589176177978516,
            "2": 0.9319729804992676
        }
    }
}