{
    "confidence_score": 0.9821950197219849,
    "ptm": 0.9812628030776978,
    "iptm": 0.9765544533729553,
    "ligand_iptm": 0.9878200888633728,
    "protein_iptm": 0.9761703014373779,
    "complex_plddt": 0.9836050868034363,
    "complex_iplddt": 0.9684516191482544,
    "complex_pde": 0.2789466977119446,
    "complex_ipde": 0.43753814697265625,
    "chains_ptm": {
        "0": 0.9870495200157166,
        "1": 0.9864822030067444,
        "2": 0.9405753016471863
    },
    "pair_chains_iptm": {
        "0": {
            "0": 0.9870495200157166,
            "1": 0.9758971929550171,
            "2": 0.7611410021781921
        },
        "1": {
            "0": 0.9761703014373779,
            "1": 0.9864822030067444,
            "2": 0.6820833086967468
        },
        "2": {
            "0": 0.9878200888633728,
            "1": 0.9788936972618103,
            "2": 0.9405753016471863
        }
    }
}