{
    "confidence_score": 0.951130211353302,
    "ptm": 0.9636483788490295,
    "iptm": 0.9498381614685059,
    "ligand_iptm": 0.8641088604927063,
    "protein_iptm": 0.9613831639289856,
    "complex_plddt": 0.9514532089233398,
    "complex_iplddt": 0.8249348402023315,
    "complex_pde": 0.4740369915962219,
    "complex_ipde": 1.8157758712768555,
    "chains_ptm": {
        "0": 0.9805671572685242,
        "1": 0.9806565642356873,
        "2": 0.886337399482727
    },
    "pair_chains_iptm": {
        "0": {
            "0": 0.9805671572685242,
            "1": 0.9610575437545776,
            "2": 0.4803657531738281
        },
        "1": {
            "0": 0.9613831639289856,
            "1": 0.9806565642356873,
            "2": 0.38890644907951355
        },
        "2": {
            "0": 0.8641088604927063,
            "1": 0.8449598550796509,
            "2": 0.886337399482727
        }
    }
}