{
    "confidence_score": 0.9660550951957703,
    "ptm": 0.9719435572624207,
    "iptm": 0.9638357162475586,
    "ligand_iptm": 0.9725900292396545,
    "protein_iptm": 0.9638407826423645,
    "complex_plddt": 0.9666098952293396,
    "complex_iplddt": 0.9223669171333313,
    "complex_pde": 0.29314565658569336,
    "complex_ipde": 0.5448428392410278,
    "chains_ptm": {
        "0": 0.9821035265922546,
        "1": 0.9817039370536804,
        "2": 0.9344706535339355
    },
    "pair_chains_iptm": {
        "0": {
            "0": 0.9821035265922546,
            "1": 0.9638407826423645,
            "2": 0.6651600003242493
        },
        "1": {
            "0": 0.9634923934936523,
            "1": 0.9817039370536804,
            "2": 0.5971900224685669
        },
        "2": {
            "0": 0.9725900292396545,
            "1": 0.9551230669021606,
            "2": 0.9344706535339355
        }
    }
}