{
    "confidence_score": 0.9630600214004517,
    "ptm": 0.9688213467597961,
    "iptm": 0.9568489193916321,
    "ligand_iptm": 0.8648605942726135,
    "protein_iptm": 0.9689412117004395,
    "complex_plddt": 0.9646127223968506,
    "complex_iplddt": 0.893103301525116,
    "complex_pde": 0.5438251495361328,
    "complex_ipde": 2.7516582012176514,
    "chains_ptm": {
        "0": 0.9818787574768066,
        "1": 0.9820202589035034,
        "2": 0.9001325368881226
    },
    "pair_chains_iptm": {
        "0": {
            "0": 0.9818787574768066,
            "1": 0.9678975939750671,
            "2": 0.6928731203079224
        },
        "1": {
            "0": 0.9689412117004395,
            "1": 0.9820202589035034,
            "2": 0.6208308339118958
        },
        "2": {
            "0": 0.8648605942726135,
            "1": 0.8551339507102966,
            "2": 0.9001325368881226
        }
    }
}