{
    "confidence_score": 0.9643953442573547,
    "ptm": 0.9719513058662415,
    "iptm": 0.9619414210319519,
    "ligand_iptm": 0.8613019585609436,
    "protein_iptm": 0.9723857045173645,
    "complex_plddt": 0.9650088548660278,
    "complex_iplddt": 0.8978104591369629,
    "complex_pde": 0.5389113426208496,
    "complex_ipde": 3.1302249431610107,
    "chains_ptm": {
        "0": 0.9843587875366211,
        "1": 0.981253445148468,
        "2": 0.9483464360237122
    },
    "pair_chains_iptm": {
        "0": {
            "0": 0.9843587875366211,
            "1": 0.9723857045173645,
            "2": 0.6653857231140137
        },
        "1": {
            "0": 0.9702005982398987,
            "1": 0.981253445148468,
            "2": 0.5999618768692017
        },
        "2": {
            "0": 0.8613019585609436,
            "1": 0.8549133539199829,
            "2": 0.9483464360237122
        }
    }
}