{
    "confidence_score": 0.9695190787315369,
    "ptm": 0.975165605545044,
    "iptm": 0.9681311249732971,
    "ligand_iptm": 0.9521099925041199,
    "protein_iptm": 0.9708711504936218,
    "complex_plddt": 0.9698659777641296,
    "complex_iplddt": 0.9193170070648193,
    "complex_pde": 0.3299751579761505,
    "complex_ipde": 0.81131911277771,
    "chains_ptm": {
        "0": 0.9835686087608337,
        "1": 0.9831588864326477,
        "2": 0.938927412033081
    },
    "pair_chains_iptm": {
        "0": {
            "0": 0.9835686087608337,
            "1": 0.9708711504936218,
            "2": 0.6795490384101868
        },
        "1": {
            "0": 0.9706524014472961,
            "1": 0.9831588864326477,
            "2": 0.5787151455879211
        },
        "2": {
            "0": 0.9521099925041199,
            "1": 0.9391316771507263,
            "2": 0.938927412033081
        }
    }
}