{
    "confidence_score": 0.9631802439689636,
    "ptm": 0.9705554246902466,
    "iptm": 0.9610649943351746,
    "ligand_iptm": 0.9502837061882019,
    "protein_iptm": 0.9625683426856995,
    "complex_plddt": 0.9637090563774109,
    "complex_iplddt": 0.9013037085533142,
    "complex_pde": 0.31187903881073,
    "complex_ipde": 0.7437676787376404,
    "chains_ptm": {
        "0": 0.9821197390556335,
        "1": 0.9818629026412964,
        "2": 0.9274289011955261
    },
    "pair_chains_iptm": {
        "0": {
            "0": 0.9821197390556335,
            "1": 0.9625683426856995,
            "2": 0.6501661539077759
        },
        "1": {
            "0": 0.9620755910873413,
            "1": 0.9818629026412964,
            "2": 0.5860715508460999
        },
        "2": {
            "0": 0.9502837061882019,
            "1": 0.9366227984428406,
            "2": 0.9274289011955261
        }
    }
}