{
    "confidence_score": 0.9729822278022766,
    "ptm": 0.9746266007423401,
    "iptm": 0.9684834480285645,
    "ligand_iptm": 0.9848812818527222,
    "protein_iptm": 0.9674557447433472,
    "complex_plddt": 0.9741069674491882,
    "complex_iplddt": 0.9508087635040283,
    "complex_pde": 0.30806243419647217,
    "complex_ipde": 0.4962877631187439,
    "chains_ptm": {
        "0": 0.9821459054946899,
        "1": 0.9815109372138977,
        "2": 0.9397915601730347
    },
    "pair_chains_iptm": {
        "0": {
            "0": 0.9821459054946899,
            "1": 0.96742844581604,
            "2": 0.7855193614959717
        },
        "1": {
            "0": 0.9674557447433472,
            "1": 0.9815109372138977,
            "2": 0.7034834623336792
        },
        "2": {
            "0": 0.9848812818527222,
            "1": 0.9652577638626099,
            "2": 0.9397915601730347
        }
    }
}