{
    "confidence_score": 0.9714150428771973,
    "ptm": 0.9712695479393005,
    "iptm": 0.9614160060882568,
    "ligand_iptm": 0.85915607213974,
    "protein_iptm": 0.9699457883834839,
    "complex_plddt": 0.9739148020744324,
    "complex_iplddt": 0.8959567546844482,
    "complex_pde": 0.3984379470348358,
    "complex_ipde": 1.7222498655319214,
    "chains_ptm": {
        "0": 0.9822785258293152,
        "1": 0.9817459583282471,
        "2": 0.9248228073120117
    },
    "pair_chains_iptm": {
        "0": {
            "0": 0.9822785258293152,
            "1": 0.9698606729507446,
            "2": 0.45812153816223145
        },
        "1": {
            "0": 0.9699457883834839,
            "1": 0.9817459583282471,
            "2": 0.3609013855457306
        },
        "2": {
            "0": 0.85915607213974,
            "1": 0.840342104434967,
            "2": 0.9248228073120117
        }
    }
}