{
    "confidence_score": 0.964246392250061,
    "ptm": 0.9670273661613464,
    "iptm": 0.9498381018638611,
    "ligand_iptm": 0.5590925216674805,
    "protein_iptm": 0.977423906326294,
    "complex_plddt": 0.9678484797477722,
    "complex_iplddt": 0.8255853056907654,
    "complex_pde": 0.7092722654342651,
    "complex_ipde": 5.7967753410339355,
    "chains_ptm": {
        "0": 0.9872649312019348,
        "1": 0.9871589541435242,
        "2": 0.9112213850021362
    },
    "pair_chains_iptm": {
        "0": {
            "0": 0.9872649312019348,
            "1": 0.977423906326294,
            "2": 0.28773224353790283
        },
        "1": {
            "0": 0.9772252440452576,
            "1": 0.9871589541435242,
            "2": 0.224519282579422
        },
        "2": {
            "0": 0.5590925216674805,
            "1": 0.5263139009475708,
            "2": 0.9112213850021362
        }
    }
}