{
    "confidence_score": 0.976138710975647,
    "ptm": 0.9757115840911865,
    "iptm": 0.9699944853782654,
    "ligand_iptm": 0.9918316006660461,
    "protein_iptm": 0.9686687588691711,
    "complex_plddt": 0.9776747822761536,
    "complex_iplddt": 0.9648110866546631,
    "complex_pde": 0.2867339849472046,
    "complex_ipde": 0.4146074652671814,
    "chains_ptm": {
        "0": 0.982470691204071,
        "1": 0.9824203848838806,
        "2": 0.9317679405212402
    },
    "pair_chains_iptm": {
        "0": {
            "0": 0.982470691204071,
            "1": 0.9682915210723877,
            "2": 0.78850257396698
        },
        "1": {
            "0": 0.9686687588691711,
            "1": 0.9824203848838806,
            "2": 0.7056160569190979
        },
        "2": {
            "0": 0.9918316006660461,
            "1": 0.9756065011024475,
            "2": 0.9317679405212402
        }
    }
}