{
    "confidence_score": 0.9604639410972595,
    "ptm": 0.9666751027107239,
    "iptm": 0.9477318525314331,
    "ligand_iptm": 0.49699926376342773,
    "protein_iptm": 0.9799731373786926,
    "complex_plddt": 0.9636469483375549,
    "complex_iplddt": 0.7924025058746338,
    "complex_pde": 0.7242013216018677,
    "complex_ipde": 5.979572296142578,
    "chains_ptm": {
        "0": 0.9888209104537964,
        "1": 0.9888531565666199,
        "2": 0.8863942623138428
    },
    "pair_chains_iptm": {
        "0": {
            "0": 0.9888209104537964,
            "1": 0.9799731373786926,
            "2": 0.30425965785980225
        },
        "1": {
            "0": 0.9798818826675415,
            "1": 0.9888531565666199,
            "2": 0.2256416529417038
        },
        "2": {
            "0": 0.49699926376342773,
            "1": 0.4866856634616852,
            "2": 0.8863942623138428
        }
    }
}