{
    "confidence_score": 0.9640619158744812,
    "ptm": 0.9694396257400513,
    "iptm": 0.9607941508293152,
    "ligand_iptm": 0.9731079339981079,
    "protein_iptm": 0.960096001625061,
    "complex_plddt": 0.9648789167404175,
    "complex_iplddt": 0.9219403266906738,
    "complex_pde": 0.323135107755661,
    "complex_ipde": 0.5231394171714783,
    "chains_ptm": {
        "0": 0.9805616140365601,
        "1": 0.9797069430351257,
        "2": 0.9261078834533691
    },
    "pair_chains_iptm": {
        "0": {
            "0": 0.9805616140365601,
            "1": 0.960096001625061,
            "2": 0.758112370967865
        },
        "1": {
            "0": 0.9598711133003235,
            "1": 0.9797069430351257,
            "2": 0.6721630096435547
        },
        "2": {
            "0": 0.9731079339981079,
            "1": 0.9528600573539734,
            "2": 0.9261078834533691
        }
    }
}