{
    "confidence_score": 0.9557873010635376,
    "ptm": 0.9632951617240906,
    "iptm": 0.9492396712303162,
    "ligand_iptm": 0.8485140204429626,
    "protein_iptm": 0.9600195288658142,
    "complex_plddt": 0.9574242234230042,
    "complex_iplddt": 0.841952383518219,
    "complex_pde": 0.5747519135475159,
    "complex_ipde": 3.7372286319732666,
    "chains_ptm": {
        "0": 0.9797356128692627,
        "1": 0.9800646901130676,
        "2": 0.9414221048355103
    },
    "pair_chains_iptm": {
        "0": {
            "0": 0.9797356128692627,
            "1": 0.9595750570297241,
            "2": 0.5194334983825684
        },
        "1": {
            "0": 0.9600195288658142,
            "1": 0.9800646901130676,
            "2": 0.6075279116630554
        },
        "2": {
            "0": 0.8229092955589294,
            "1": 0.8485140204429626,
            "2": 0.9414221048355103
        }
    }
}