{
    "confidence_score": 0.953549325466156,
    "ptm": 0.9599164128303528,
    "iptm": 0.9442437291145325,
    "ligand_iptm": 0.8450044393539429,
    "protein_iptm": 0.9578285813331604,
    "complex_plddt": 0.9558756947517395,
    "complex_iplddt": 0.8385928273200989,
    "complex_pde": 0.6391392350196838,
    "complex_ipde": 3.935765027999878,
    "chains_ptm": {
        "0": 0.9784300327301025,
        "1": 0.9789369702339172,
        "2": 0.9175999164581299
    },
    "pair_chains_iptm": {
        "0": {
            "0": 0.9784300327301025,
            "1": 0.956732451915741,
            "2": 0.5586163401603699
        },
        "1": {
            "0": 0.9578285813331604,
            "1": 0.9789369702339172,
            "2": 0.652904748916626
        },
        "2": {
            "0": 0.8195388913154602,
            "1": 0.8450044393539429,
            "2": 0.9175999164581299
        }
    }
}