{
    "confidence_score": 0.9812244772911072,
    "ptm": 0.9813591241836548,
    "iptm": 0.9768618941307068,
    "ligand_iptm": 0.9906657934188843,
    "protein_iptm": 0.9764580130577087,
    "complex_plddt": 0.9823150634765625,
    "complex_iplddt": 0.9693431258201599,
    "complex_pde": 0.2724962830543518,
    "complex_ipde": 0.3958016633987427,
    "chains_ptm": {
        "0": 0.987038254737854,
        "1": 0.986681342124939,
        "2": 0.9514051675796509
    },
    "pair_chains_iptm": {
        "0": {
            "0": 0.987038254737854,
            "1": 0.9762035012245178,
            "2": 0.7712569236755371
        },
        "1": {
            "0": 0.9764580130577087,
            "1": 0.986681342124939,
            "2": 0.6909804344177246
        },
        "2": {
            "0": 0.9906657934188843,
            "1": 0.9812403917312622,
            "2": 0.9514051675796509
        }
    }
}