{
    "confidence_score": 0.9487037062644958,
    "ptm": 0.9596560597419739,
    "iptm": 0.9362119436264038,
    "ligand_iptm": 0.48070818185806274,
    "protein_iptm": 0.975677490234375,
    "complex_plddt": 0.9518265724182129,
    "complex_iplddt": 0.7517333626747131,
    "complex_pde": 0.8294381499290466,
    "complex_ipde": 6.510852813720703,
    "chains_ptm": {
        "0": 0.9860847592353821,
        "1": 0.9860135316848755,
        "2": 0.8651182055473328
    },
    "pair_chains_iptm": {
        "0": {
            "0": 0.9860847592353821,
            "1": 0.9754154682159424,
            "2": 0.3468800485134125
        },
        "1": {
            "0": 0.975677490234375,
            "1": 0.9860135316848755,
            "2": 0.2544860243797302
        },
        "2": {
            "0": 0.48070818185806274,
            "1": 0.47201696038246155,
            "2": 0.8651182055473328
        }
    }
}