{
    "confidence_score": 0.9383407831192017,
    "ptm": 0.9468777775764465,
    "iptm": 0.92010897397995,
    "ligand_iptm": 0.44327062368392944,
    "protein_iptm": 0.9678813219070435,
    "complex_plddt": 0.942898690700531,
    "complex_iplddt": 0.7481371164321899,
    "complex_pde": 1.5300811529159546,
    "complex_ipde": 12.606013298034668,
    "chains_ptm": {
        "0": 0.9821735620498657,
        "1": 0.9776798486709595,
        "2": 0.8953905701637268
    },
    "pair_chains_iptm": {
        "0": {
            "0": 0.9821735620498657,
            "1": 0.9678813219070435,
            "2": 0.3113584816455841
        },
        "1": {
            "0": 0.9655805826187134,
            "1": 0.9776798486709595,
            "2": 0.3506762683391571
        },
        "2": {
            "0": 0.44327062368392944,
            "1": 0.4291437566280365,
            "2": 0.8953905701637268
        }
    }
}