{
    "confidence_score": 0.9657654166221619,
    "ptm": 0.9725528955459595,
    "iptm": 0.961905837059021,
    "ligand_iptm": 0.830088198184967,
    "protein_iptm": 0.9737235307693481,
    "complex_plddt": 0.9667302370071411,
    "complex_iplddt": 0.8789116144180298,
    "complex_pde": 0.607084333896637,
    "complex_ipde": 4.095272541046143,
    "chains_ptm": {
        "0": 0.9855107069015503,
        "1": 0.9837055802345276,
        "2": 0.9574231505393982
    },
    "pair_chains_iptm": {
        "0": {
            "0": 0.9855107069015503,
            "1": 0.9737235307693481,
            "2": 0.5604392886161804
        },
        "1": {
            "0": 0.9733948111534119,
            "1": 0.9837055802345276,
            "2": 0.6465010046958923
        },
        "2": {
            "0": 0.8133994936943054,
            "1": 0.830088198184967,
            "2": 0.9574231505393982
        }
    }
}