{
    "confidence_score": 0.9731352925300598,
    "ptm": 0.974861204624176,
    "iptm": 0.9688194394111633,
    "ligand_iptm": 0.9831884503364563,
    "protein_iptm": 0.9678601622581482,
    "complex_plddt": 0.9742142558097839,
    "complex_iplddt": 0.9496799111366272,
    "complex_pde": 0.30763429403305054,
    "complex_ipde": 0.49158740043640137,
    "chains_ptm": {
        "0": 0.9825459718704224,
        "1": 0.9823288321495056,
        "2": 0.9354023933410645
    },
    "pair_chains_iptm": {
        "0": {
            "0": 0.9825459718704224,
            "1": 0.9675198793411255,
            "2": 0.779252827167511
        },
        "1": {
            "0": 0.9678601622581482,
            "1": 0.9823288321495056,
            "2": 0.7037529945373535
        },
        "2": {
            "0": 0.9831884503364563,
            "1": 0.9659805297851562,
            "2": 0.9354023933410645
        }
    }
}