{
    "confidence_score": 0.9500637054443359,
    "ptm": 0.9613121151924133,
    "iptm": 0.943930447101593,
    "ligand_iptm": 0.7346981763839722,
    "protein_iptm": 0.9683790802955627,
    "complex_plddt": 0.9515970349311829,
    "complex_iplddt": 0.806134045124054,
    "complex_pde": 0.9106823801994324,
    "complex_ipde": 6.256928443908691,
    "chains_ptm": {
        "0": 0.9822555184364319,
        "1": 0.9806293845176697,
        "2": 0.9230631589889526
    },
    "pair_chains_iptm": {
        "0": {
            "0": 0.9822555184364319,
            "1": 0.9683790802955627,
            "2": 0.46344491839408875
        },
        "1": {
            "0": 0.9679853320121765,
            "1": 0.9806293845176697,
            "2": 0.5454773306846619
        },
        "2": {
            "0": 0.7172719240188599,
            "1": 0.7346981763839722,
            "2": 0.9230631589889526
        }
    }
}