{
    "confidence_score": 0.9646567702293396,
    "ptm": 0.9722113013267517,
    "iptm": 0.9642497897148132,
    "ligand_iptm": 0.968644380569458,
    "protein_iptm": 0.9642460942268372,
    "complex_plddt": 0.9647584557533264,
    "complex_iplddt": 0.9148222208023071,
    "complex_pde": 0.29795482754707336,
    "complex_ipde": 0.4809545576572418,
    "chains_ptm": {
        "0": 0.9821888208389282,
        "1": 0.9819566607475281,
        "2": 0.9337388277053833
    },
    "pair_chains_iptm": {
        "0": {
            "0": 0.9821888208389282,
            "1": 0.964137613773346,
            "2": 0.7302366495132446
        },
        "1": {
            "0": 0.9642460942268372,
            "1": 0.9819566607475281,
            "2": 0.6399807333946228
        },
        "2": {
            "0": 0.968644380569458,
            "1": 0.9531643390655518,
            "2": 0.9337388277053833
        }
    }
}