{
    "confidence_score": 0.9735733270645142,
    "ptm": 0.9747321009635925,
    "iptm": 0.9687591791152954,
    "ligand_iptm": 0.986514151096344,
    "protein_iptm": 0.9674531817436218,
    "complex_plddt": 0.9747768640518188,
    "complex_iplddt": 0.953619658946991,
    "complex_pde": 0.3043225407600403,
    "complex_ipde": 0.48477768898010254,
    "chains_ptm": {
        "0": 0.9820354580879211,
        "1": 0.98180091381073,
        "2": 0.9361022114753723
    },
    "pair_chains_iptm": {
        "0": {
            "0": 0.9820354580879211,
            "1": 0.967221200466156,
            "2": 0.7568947076797485
        },
        "1": {
            "0": 0.9674531817436218,
            "1": 0.98180091381073,
            "2": 0.6805455684661865
        },
        "2": {
            "0": 0.986514151096344,
            "1": 0.9685832262039185,
            "2": 0.9361022114753723
        }
    }
}