{
    "confidence_score": 0.9620281457901001,
    "ptm": 0.968701183795929,
    "iptm": 0.9586268067359924,
    "ligand_iptm": 0.9164950251579285,
    "protein_iptm": 0.9668514132499695,
    "complex_plddt": 0.962878406047821,
    "complex_iplddt": 0.905793309211731,
    "complex_pde": 0.5345939993858337,
    "complex_ipde": 2.468491315841675,
    "chains_ptm": {
        "0": 0.9813402891159058,
        "1": 0.9768220782279968,
        "2": 0.9384890198707581
    },
    "pair_chains_iptm": {
        "0": {
            "0": 0.9813402891159058,
            "1": 0.9668514132499695,
            "2": 0.7405397295951843
        },
        "1": {
            "0": 0.963839054107666,
            "1": 0.9768220782279968,
            "2": 0.6585456728935242
        },
        "2": {
            "0": 0.9164950251579285,
            "1": 0.897205650806427,
            "2": 0.9384890198707581
        }
    }
}