{
    "confidence_score": 0.9340610504150391,
    "ptm": 0.9442773461341858,
    "iptm": 0.9148803949356079,
    "ligand_iptm": 0.43281131982803345,
    "protein_iptm": 0.9650619626045227,
    "complex_plddt": 0.9388562440872192,
    "complex_iplddt": 0.7276109457015991,
    "complex_pde": 1.3946861028671265,
    "complex_ipde": 12.217639923095703,
    "chains_ptm": {
        "0": 0.981314480304718,
        "1": 0.9776402711868286,
        "2": 0.9090567827224731
    },
    "pair_chains_iptm": {
        "0": {
            "0": 0.981314480304718,
            "1": 0.9650619626045227,
            "2": 0.3273029327392578
        },
        "1": {
            "0": 0.9638652801513672,
            "1": 0.9776402711868286,
            "2": 0.29323092103004456
        },
        "2": {
            "0": 0.4280270040035248,
            "1": 0.43281131982803345,
            "2": 0.9090567827224731
        }
    }
}