{
    "confidence_score": 0.9729547500610352,
    "ptm": 0.9735994338989258,
    "iptm": 0.9668418169021606,
    "ligand_iptm": 0.9823538064956665,
    "protein_iptm": 0.9663664102554321,
    "complex_plddt": 0.9744829535484314,
    "complex_iplddt": 0.9502805471420288,
    "complex_pde": 0.3097216486930847,
    "complex_ipde": 0.4890397787094116,
    "chains_ptm": {
        "0": 0.981596827507019,
        "1": 0.9816722273826599,
        "2": 0.9251438975334167
    },
    "pair_chains_iptm": {
        "0": {
            "0": 0.981596827507019,
            "1": 0.9657641053199768,
            "2": 0.7585694193840027
        },
        "1": {
            "0": 0.9663664102554321,
            "1": 0.9816722273826599,
            "2": 0.6759202480316162
        },
        "2": {
            "0": 0.9823538064956665,
            "1": 0.9639097452163696,
            "2": 0.9251438975334167
        }
    }
}