{
    "confidence_score": 0.9619154334068298,
    "ptm": 0.9658002853393555,
    "iptm": 0.9554064273834229,
    "ligand_iptm": 0.8653384447097778,
    "protein_iptm": 0.9666683077812195,
    "complex_plddt": 0.9635425806045532,
    "complex_iplddt": 0.8953750133514404,
    "complex_pde": 0.6146371960639954,
    "complex_ipde": 3.408226251602173,
    "chains_ptm": {
        "0": 0.9817211627960205,
        "1": 0.9727616310119629,
        "2": 0.9336211085319519
    },
    "pair_chains_iptm": {
        "0": {
            "0": 0.9817211627960205,
            "1": 0.9666683077812195,
            "2": 0.6597872376441956
        },
        "1": {
            "0": 0.9607195854187012,
            "1": 0.9727616310119629,
            "2": 0.5692910552024841
        },
        "2": {
            "0": 0.8653384447097778,
            "1": 0.8407136797904968,
            "2": 0.9336211085319519
        }
    }
}