{
    "confidence_score": 0.9794214367866516,
    "ptm": 0.9803894758224487,
    "iptm": 0.9755420088768005,
    "ligand_iptm": 0.9792346954345703,
    "protein_iptm": 0.9758132696151733,
    "complex_plddt": 0.9803913235664368,
    "complex_iplddt": 0.9576053619384766,
    "complex_pde": 0.2832556962966919,
    "complex_ipde": 0.47370412945747375,
    "chains_ptm": {
        "0": 0.9863629341125488,
        "1": 0.9862467050552368,
        "2": 0.9372267723083496
    },
    "pair_chains_iptm": {
        "0": {
            "0": 0.9863629341125488,
            "1": 0.9753277897834778,
            "2": 0.7034256458282471
        },
        "1": {
            "0": 0.9758132696151733,
            "1": 0.9862467050552368,
            "2": 0.6187894344329834
        },
        "2": {
            "0": 0.9792346954345703,
            "1": 0.9694029092788696,
            "2": 0.9372267723083496
        }
    }
}