{
    "confidence_score": 0.954009473323822,
    "ptm": 0.9597698450088501,
    "iptm": 0.9427598714828491,
    "ligand_iptm": 0.7853080034255981,
    "protein_iptm": 0.9586201906204224,
    "complex_plddt": 0.9568217992782593,
    "complex_iplddt": 0.8242552280426025,
    "complex_pde": 0.7231703400611877,
    "complex_ipde": 5.319227695465088,
    "chains_ptm": {
        "0": 0.9787982702255249,
        "1": 0.9795670509338379,
        "2": 0.9394263625144958
    },
    "pair_chains_iptm": {
        "0": {
            "0": 0.9787982702255249,
            "1": 0.9586201906204224,
            "2": 0.611418604850769
        },
        "1": {
            "0": 0.9584835767745972,
            "1": 0.9795670509338379,
            "2": 0.5177985429763794
        },
        "2": {
            "0": 0.7853080034255981,
            "1": 0.7582055926322937,
            "2": 0.9394263625144958
        }
    }
}