{
    "confidence_score": 0.9723424911499023,
    "ptm": 0.9745188355445862,
    "iptm": 0.9682916402816772,
    "ligand_iptm": 0.9786013960838318,
    "protein_iptm": 0.96769118309021,
    "complex_plddt": 0.9733551740646362,
    "complex_iplddt": 0.9446603655815125,
    "complex_pde": 0.3168487846851349,
    "complex_ipde": 0.5576668977737427,
    "chains_ptm": {
        "0": 0.98233962059021,
        "1": 0.9816840291023254,
        "2": 0.9295631647109985
    },
    "pair_chains_iptm": {
        "0": {
            "0": 0.98233962059021,
            "1": 0.9674268364906311,
            "2": 0.7643810510635376
        },
        "1": {
            "0": 0.96769118309021,
            "1": 0.9816840291023254,
            "2": 0.6857613921165466
        },
        "2": {
            "0": 0.9786013960838318,
            "1": 0.9613922238349915,
            "2": 0.9295631647109985
        }
    }
}