{
    "confidence_score": 0.9766919016838074,
    "ptm": 0.9754601120948792,
    "iptm": 0.9692891240119934,
    "ligand_iptm": 0.9856300354003906,
    "protein_iptm": 0.9683696627616882,
    "complex_plddt": 0.9785425662994385,
    "complex_iplddt": 0.9613853693008423,
    "complex_pde": 0.288684606552124,
    "complex_ipde": 0.4851149618625641,
    "chains_ptm": {
        "0": 0.9825325608253479,
        "1": 0.9823712706565857,
        "2": 0.9511572122573853
    },
    "pair_chains_iptm": {
        "0": {
            "0": 0.9825325608253479,
            "1": 0.9679851531982422,
            "2": 0.7524585723876953
        },
        "1": {
            "0": 0.9683696627616882,
            "1": 0.9823712706565857,
            "2": 0.6582307815551758
        },
        "2": {
            "0": 0.9856300354003906,
            "1": 0.9707102179527283,
            "2": 0.9511572122573853
        }
    }
}