{
    "confidence_score": 0.9690279364585876,
    "ptm": 0.9728414416313171,
    "iptm": 0.9656891822814941,
    "ligand_iptm": 0.9638040661811829,
    "protein_iptm": 0.9673790335655212,
    "complex_plddt": 0.9698626399040222,
    "complex_iplddt": 0.9212230443954468,
    "complex_pde": 0.32344552874565125,
    "complex_ipde": 0.603501558303833,
    "chains_ptm": {
        "0": 0.981972336769104,
        "1": 0.9815744161605835,
        "2": 0.9320297241210938
    },
    "pair_chains_iptm": {
        "0": {
            "0": 0.981972336769104,
            "1": 0.9673790335655212,
            "2": 0.6899765133857727
        },
        "1": {
            "0": 0.9670536518096924,
            "1": 0.9815744161605835,
            "2": 0.5994731187820435
        },
        "2": {
            "0": 0.9638040661811829,
            "1": 0.9485116600990295,
            "2": 0.9320297241210938
        }
    }
}