{
    "confidence_score": 0.9766294360160828,
    "ptm": 0.9773208498954773,
    "iptm": 0.971955418586731,
    "ligand_iptm": 0.9923779964447021,
    "protein_iptm": 0.9706977009773254,
    "complex_plddt": 0.9777979850769043,
    "complex_iplddt": 0.965928316116333,
    "complex_pde": 0.28252577781677246,
    "complex_ipde": 0.3892729580402374,
    "chains_ptm": {
        "0": 0.9840512871742249,
        "1": 0.9833946228027344,
        "2": 0.9302279949188232
    },
    "pair_chains_iptm": {
        "0": {
            "0": 0.9840512871742249,
            "1": 0.9706977009773254,
            "2": 0.7812789082527161
        },
        "1": {
            "0": 0.9705548286437988,
            "1": 0.9833946228027344,
            "2": 0.714199960231781
        },
        "2": {
            "0": 0.9923779964447021,
            "1": 0.9778931736946106,
            "2": 0.9302279949188232
        }
    }
}