{
    "confidence_score": 0.9720640182495117,
    "ptm": 0.9747730493545532,
    "iptm": 0.9687069654464722,
    "ligand_iptm": 0.9782456159591675,
    "protein_iptm": 0.9684033989906311,
    "complex_plddt": 0.972903311252594,
    "complex_iplddt": 0.9444221258163452,
    "complex_pde": 0.31731608510017395,
    "complex_ipde": 0.5404272675514221,
    "chains_ptm": {
        "0": 0.982295572757721,
        "1": 0.9824917316436768,
        "2": 0.9280382394790649
    },
    "pair_chains_iptm": {
        "0": {
            "0": 0.982295572757721,
            "1": 0.9680197834968567,
            "2": 0.7697114944458008
        },
        "1": {
            "0": 0.9684033989906311,
            "1": 0.9824917316436768,
            "2": 0.692333996295929
        },
        "2": {
            "0": 0.9782456159591675,
            "1": 0.9622063040733337,
            "2": 0.9280382394790649
        }
    }
}