{
    "confidence_score": 0.9663169980049133,
    "ptm": 0.9709868431091309,
    "iptm": 0.9632506370544434,
    "ligand_iptm": 0.986770510673523,
    "protein_iptm": 0.9614109992980957,
    "complex_plddt": 0.9670835733413696,
    "complex_iplddt": 0.9388614296913147,
    "complex_pde": 0.2953411340713501,
    "complex_ipde": 0.4047122597694397,
    "chains_ptm": {
        "0": 0.9808621406555176,
        "1": 0.9803233742713928,
        "2": 0.9259161949157715
    },
    "pair_chains_iptm": {
        "0": {
            "0": 0.9808621406555176,
            "1": 0.9614109992980957,
            "2": 0.7662186026573181
        },
        "1": {
            "0": 0.9611107707023621,
            "1": 0.9803233742713928,
            "2": 0.681309700012207
        },
        "2": {
            "0": 0.986770510673523,
            "1": 0.9670161008834839,
            "2": 0.9259161949157715
        }
    }
}