{
    "confidence_score": 0.9609800577163696,
    "ptm": 0.9664115309715271,
    "iptm": 0.9522795677185059,
    "ligand_iptm": 0.7844032645225525,
    "protein_iptm": 0.9687483906745911,
    "complex_plddt": 0.9631551504135132,
    "complex_iplddt": 0.8493766188621521,
    "complex_pde": 0.6916879415512085,
    "complex_ipde": 4.989120960235596,
    "chains_ptm": {
        "0": 0.9828333258628845,
        "1": 0.981874942779541,
        "2": 0.954615592956543
    },
    "pair_chains_iptm": {
        "0": {
            "0": 0.9828333258628845,
            "1": 0.9682725667953491,
            "2": 0.5354642868041992
        },
        "1": {
            "0": 0.9687483906745911,
            "1": 0.981874942779541,
            "2": 0.6235159635543823
        },
        "2": {
            "0": 0.7642574310302734,
            "1": 0.7844032645225525,
            "2": 0.954615592956543
        }
    }
}