{
    "confidence_score": 0.9595891833305359,
    "ptm": 0.9647789001464844,
    "iptm": 0.9531674981117249,
    "ligand_iptm": 0.9220260977745056,
    "protein_iptm": 0.9582443237304688,
    "complex_plddt": 0.961194634437561,
    "complex_iplddt": 0.8859461545944214,
    "complex_pde": 0.4670298397541046,
    "complex_ipde": 2.0914063453674316,
    "chains_ptm": {
        "0": 0.9788331985473633,
        "1": 0.9793726801872253,
        "2": 0.9320618510246277
    },
    "pair_chains_iptm": {
        "0": {
            "0": 0.9788331985473633,
            "1": 0.9576961398124695,
            "2": 0.6829823851585388
        },
        "1": {
            "0": 0.9582443237304688,
            "1": 0.9793726801872253,
            "2": 0.7704951167106628
        },
        "2": {
            "0": 0.9050883650779724,
            "1": 0.9220260977745056,
            "2": 0.9320618510246277
        }
    }
}