{
    "confidence_score": 0.9686312079429626,
    "ptm": 0.9734210968017578,
    "iptm": 0.966205358505249,
    "ligand_iptm": 0.9900577068328857,
    "protein_iptm": 0.9648621082305908,
    "complex_plddt": 0.9692376852035522,
    "complex_iplddt": 0.9462396502494812,
    "complex_pde": 0.27782562375068665,
    "complex_ipde": 0.39431050419807434,
    "chains_ptm": {
        "0": 0.9823761582374573,
        "1": 0.9818873405456543,
        "2": 0.9595632553100586
    },
    "pair_chains_iptm": {
        "0": {
            "0": 0.9823761582374573,
            "1": 0.9646809697151184,
            "2": 0.7658612132072449
        },
        "1": {
            "0": 0.9648621082305908,
            "1": 0.9818873405456543,
            "2": 0.671623706817627
        },
        "2": {
            "0": 0.9900577068328857,
            "1": 0.9703604578971863,
            "2": 0.9595632553100586
        }
    }
}