{
    "confidence_score": 0.9675347208976746,
    "ptm": 0.971221387386322,
    "iptm": 0.9632710218429565,
    "ligand_iptm": 0.9908886551856995,
    "protein_iptm": 0.9618457555770874,
    "complex_plddt": 0.9686006307601929,
    "complex_iplddt": 0.9453991055488586,
    "complex_pde": 0.2859789729118347,
    "complex_ipde": 0.38487645983695984,
    "chains_ptm": {
        "0": 0.9814093112945557,
        "1": 0.9807723760604858,
        "2": 0.9301294088363647
    },
    "pair_chains_iptm": {
        "0": {
            "0": 0.9814093112945557,
            "1": 0.9618457555770874,
            "2": 0.7660733461380005
        },
        "1": {
            "0": 0.9609516859054565,
            "1": 0.9807723760604858,
            "2": 0.6651759147644043
        },
        "2": {
            "0": 0.9908886551856995,
            "1": 0.9695554971694946,
            "2": 0.9301294088363647
        }
    }
}