{
    "confidence_score": 0.9743289947509766,
    "ptm": 0.9752223491668701,
    "iptm": 0.9689745903015137,
    "ligand_iptm": 0.9814121723175049,
    "protein_iptm": 0.9688006043434143,
    "complex_plddt": 0.9756675958633423,
    "complex_iplddt": 0.9522610902786255,
    "complex_pde": 0.30252984166145325,
    "complex_ipde": 0.46118131279945374,
    "chains_ptm": {
        "0": 0.9829239845275879,
        "1": 0.9825591444969177,
        "2": 0.9273499846458435
    },
    "pair_chains_iptm": {
        "0": {
            "0": 0.9829239845275879,
            "1": 0.9684780240058899,
            "2": 0.7639901638031006
        },
        "1": {
            "0": 0.9688006043434143,
            "1": 0.9825591444969177,
            "2": 0.6860446929931641
        },
        "2": {
            "0": 0.9814121723175049,
            "1": 0.9668530225753784,
            "2": 0.9273499846458435
        }
    }
}