{
    "confidence_score": 0.9802947044372559,
    "ptm": 0.9815130233764648,
    "iptm": 0.9772468209266663,
    "ligand_iptm": 0.9781020283699036,
    "protein_iptm": 0.9777016639709473,
    "complex_plddt": 0.9810566902160645,
    "complex_iplddt": 0.9564476609230042,
    "complex_pde": 0.28457003831863403,
    "complex_ipde": 0.48464617133140564,
    "chains_ptm": {
        "0": 0.9872810244560242,
        "1": 0.9870724081993103,
        "2": 0.9659007787704468
    },
    "pair_chains_iptm": {
        "0": {
            "0": 0.9872810244560242,
            "1": 0.9772785305976868,
            "2": 0.7347412109375
        },
        "1": {
            "0": 0.9777016639709473,
            "1": 0.9870724081993103,
            "2": 0.657768189907074
        },
        "2": {
            "0": 0.9781020283699036,
            "1": 0.9683353900909424,
            "2": 0.9659007787704468
        }
    }
}