{
    "confidence_score": 0.9682554602622986,
    "ptm": 0.9717862606048584,
    "iptm": 0.9642797112464905,
    "ligand_iptm": 0.9903432726860046,
    "protein_iptm": 0.9623794555664062,
    "complex_plddt": 0.9692493677139282,
    "complex_iplddt": 0.9482296109199524,
    "complex_pde": 0.2902066111564636,
    "complex_ipde": 0.3794040381908417,
    "chains_ptm": {
        "0": 0.9815688133239746,
        "1": 0.9809829592704773,
        "2": 0.9293528199195862
    },
    "pair_chains_iptm": {
        "0": {
            "0": 0.9815688133239746,
            "1": 0.9623794555664062,
            "2": 0.7669958472251892
        },
        "1": {
            "0": 0.9620239734649658,
            "1": 0.9809829592704773,
            "2": 0.6914610862731934
        },
        "2": {
            "0": 0.9903432726860046,
            "1": 0.9712978005409241,
            "2": 0.9293528199195862
        }
    }
}