{
    "confidence_score": 0.9687767028808594,
    "ptm": 0.9734899401664734,
    "iptm": 0.9660882949829102,
    "ligand_iptm": 0.9890207052230835,
    "protein_iptm": 0.9649243354797363,
    "complex_plddt": 0.9694487452507019,
    "complex_iplddt": 0.9462379217147827,
    "complex_pde": 0.2809549570083618,
    "complex_ipde": 0.3986443877220154,
    "chains_ptm": {
        "0": 0.9826716780662537,
        "1": 0.9821221232414246,
        "2": 0.9545671939849854
    },
    "pair_chains_iptm": {
        "0": {
            "0": 0.9826716780662537,
            "1": 0.9649243354797363,
            "2": 0.8015063405036926
        },
        "1": {
            "0": 0.964583694934845,
            "1": 0.9821221232414246,
            "2": 0.7135398983955383
        },
        "2": {
            "0": 0.9890207052230835,
            "1": 0.9688267111778259,
            "2": 0.9545671939849854
        }
    }
}