{
    "confidence_score": 0.9762428402900696,
    "ptm": 0.9790430068969727,
    "iptm": 0.9715821743011475,
    "ligand_iptm": 0.8800016641616821,
    "protein_iptm": 0.9789266586303711,
    "complex_plddt": 0.9774079918861389,
    "complex_iplddt": 0.912976086139679,
    "complex_pde": 0.36805370450019836,
    "complex_ipde": 1.5997601747512817,
    "chains_ptm": {
        "0": 0.9882320761680603,
        "1": 0.9877018928527832,
        "2": 0.9646447896957397
    },
    "pair_chains_iptm": {
        "0": {
            "0": 0.9882320761680603,
            "1": 0.9789266586303711,
            "2": 0.5770069360733032
        },
        "1": {
            "0": 0.978775680065155,
            "1": 0.9877018928527832,
            "2": 0.4842681288719177
        },
        "2": {
            "0": 0.8800016641616821,
            "1": 0.8531472086906433,
            "2": 0.9646447896957397
        }
    }
}