{
    "confidence_score": 0.9661107063293457,
    "ptm": 0.970893919467926,
    "iptm": 0.9626792669296265,
    "ligand_iptm": 0.9809051752090454,
    "protein_iptm": 0.962156355381012,
    "complex_plddt": 0.9669685959815979,
    "complex_iplddt": 0.931868851184845,
    "complex_pde": 0.30107247829437256,
    "complex_ipde": 0.4282289743423462,
    "chains_ptm": {
        "0": 0.9814893007278442,
        "1": 0.9808660745620728,
        "2": 0.9256373047828674
    },
    "pair_chains_iptm": {
        "0": {
            "0": 0.9814893007278442,
            "1": 0.962156355381012,
            "2": 0.7537705302238464
        },
        "1": {
            "0": 0.9612870812416077,
            "1": 0.9808660745620728,
            "2": 0.6741207838058472
        },
        "2": {
            "0": 0.9809051752090454,
            "1": 0.9620124697685242,
            "2": 0.9256373047828674
        }
    }
}