{
    "confidence_score": 0.9590694308280945,
    "ptm": 0.9642289280891418,
    "iptm": 0.9416190981864929,
    "ligand_iptm": 0.22597838938236237,
    "protein_iptm": 0.9805962443351746,
    "complex_plddt": 0.9634320139884949,
    "complex_iplddt": 0.7790051698684692,
    "complex_pde": 0.5942431688308716,
    "complex_ipde": 5.132166385650635,
    "chains_ptm": {
        "0": 0.9892664551734924,
        "1": 0.9893304705619812,
        "2": 0.9031315445899963
    },
    "pair_chains_iptm": {
        "0": {
            "0": 0.9892664551734924,
            "1": 0.980548083782196,
            "2": 0.09066899120807648
        },
        "1": {
            "0": 0.9805962443351746,
            "1": 0.9893304705619812,
            "2": 0.11918755620718002
        },
        "2": {
            "0": 0.22406847774982452,
            "1": 0.22597838938236237,
            "2": 0.9031315445899963
        }
    }
}