{
    "confidence_score": 0.9673209190368652,
    "ptm": 0.9711264967918396,
    "iptm": 0.9629663825035095,
    "ligand_iptm": 0.9878876805305481,
    "protein_iptm": 0.9616187810897827,
    "complex_plddt": 0.968409538269043,
    "complex_iplddt": 0.9408731460571289,
    "complex_pde": 0.2813451588153839,
    "complex_ipde": 0.4078623354434967,
    "chains_ptm": {
        "0": 0.9812150597572327,
        "1": 0.9807219505310059,
        "2": 0.955551266670227
    },
    "pair_chains_iptm": {
        "0": {
            "0": 0.9812150597572327,
            "1": 0.9613125920295715,
            "2": 0.7488954067230225
        },
        "1": {
            "0": 0.9616187810897827,
            "1": 0.9807219505310059,
            "2": 0.6496931910514832
        },
        "2": {
            "0": 0.9878876805305481,
            "1": 0.9689865112304688,
            "2": 0.955551266670227
        }
    }
}