{
    "confidence_score": 0.9803690910339355,
    "ptm": 0.9817543625831604,
    "iptm": 0.9773451089859009,
    "ligand_iptm": 0.9898809194564819,
    "protein_iptm": 0.9770182371139526,
    "complex_plddt": 0.9811250567436218,
    "complex_iplddt": 0.9657702445983887,
    "complex_pde": 0.2735307514667511,
    "complex_ipde": 0.4035480320453644,
    "chains_ptm": {
        "0": 0.9874429702758789,
        "1": 0.9870161414146423,
        "2": 0.9503358602523804
    },
    "pair_chains_iptm": {
        "0": {
            "0": 0.9874429702758789,
            "1": 0.9766924977302551,
            "2": 0.7725232839584351
        },
        "1": {
            "0": 0.9770182371139526,
            "1": 0.9870161414146423,
            "2": 0.6852434277534485
        },
        "2": {
            "0": 0.9898809194564819,
            "1": 0.9800657629966736,
            "2": 0.9503358602523804
        }
    }
}