{
    "confidence_score": 0.9636635184288025,
    "ptm": 0.9711718559265137,
    "iptm": 0.9618999361991882,
    "ligand_iptm": 0.9168774485588074,
    "protein_iptm": 0.9679760336875916,
    "complex_plddt": 0.9641043543815613,
    "complex_iplddt": 0.8826337456703186,
    "complex_pde": 0.39196014404296875,
    "complex_ipde": 1.0875215530395508,
    "chains_ptm": {
        "0": 0.9820838570594788,
        "1": 0.9816871285438538,
        "2": 0.9045079946517944
    },
    "pair_chains_iptm": {
        "0": {
            "0": 0.9820838570594788,
            "1": 0.9677949547767639,
            "2": 0.5836060643196106
        },
        "1": {
            "0": 0.9679760336875916,
            "1": 0.9816871285438538,
            "2": 0.513440728187561
        },
        "2": {
            "0": 0.9168774485588074,
            "1": 0.9034739136695862,
            "2": 0.9045079946517944
        }
    }
}