{
    "confidence_score": 0.9619209170341492,
    "ptm": 0.9663431644439697,
    "iptm": 0.9509173035621643,
    "ligand_iptm": 0.7504383325576782,
    "protein_iptm": 0.9717915654182434,
    "complex_plddt": 0.9646718502044678,
    "complex_iplddt": 0.8403258323669434,
    "complex_pde": 0.7704209089279175,
    "complex_ipde": 5.932331085205078,
    "chains_ptm": {
        "0": 0.984490156173706,
        "1": 0.9836732149124146,
        "2": 0.9037656784057617
    },
    "pair_chains_iptm": {
        "0": {
            "0": 0.984490156173706,
            "1": 0.9714161157608032,
            "2": 0.4972016513347626
        },
        "1": {
            "0": 0.9717915654182434,
            "1": 0.9836732149124146,
            "2": 0.5405964851379395
        },
        "2": {
            "0": 0.7227157354354858,
            "1": 0.7504383325576782,
            "2": 0.9037656784057617
        }
    }
}