{
    "confidence_score": 0.9604946970939636,
    "ptm": 0.9658513069152832,
    "iptm": 0.9523564577102661,
    "ligand_iptm": 0.8236551880836487,
    "protein_iptm": 0.9670527577400208,
    "complex_plddt": 0.9625293016433716,
    "complex_iplddt": 0.8601136207580566,
    "complex_pde": 0.6769903302192688,
    "complex_ipde": 4.462399482727051,
    "chains_ptm": {
        "0": 0.9818886518478394,
        "1": 0.9810969233512878,
        "2": 0.9564002752304077
    },
    "pair_chains_iptm": {
        "0": {
            "0": 0.9818886518478394,
            "1": 0.9670527577400208,
            "2": 0.6528923511505127
        },
        "1": {
            "0": 0.9661803245544434,
            "1": 0.9810969233512878,
            "2": 0.5701629519462585
        },
        "2": {
            "0": 0.8236551880836487,
            "1": 0.7953141927719116,
            "2": 0.9564002752304077
        }
    }
}