{
    "confidence_score": 0.975080668926239,
    "ptm": 0.9754465222358704,
    "iptm": 0.9694788455963135,
    "ligand_iptm": 0.9886390566825867,
    "protein_iptm": 0.9681894779205322,
    "complex_plddt": 0.9764811396598816,
    "complex_iplddt": 0.9591618180274963,
    "complex_pde": 0.2958129346370697,
    "complex_ipde": 0.4384145140647888,
    "chains_ptm": {
        "0": 0.9827824831008911,
        "1": 0.9823664426803589,
        "2": 0.9326149225234985
    },
    "pair_chains_iptm": {
        "0": {
            "0": 0.9827824831008911,
            "1": 0.9680784940719604,
            "2": 0.7890737652778625
        },
        "1": {
            "0": 0.9681894779205322,
            "1": 0.9823664426803589,
            "2": 0.7230132818222046
        },
        "2": {
            "0": 0.9886390566825867,
            "1": 0.9721751809120178,
            "2": 0.9326149225234985
        }
    }
}