{
    "confidence_score": 0.9676677584648132,
    "ptm": 0.9725492000579834,
    "iptm": 0.9653161764144897,
    "ligand_iptm": 0.9853683710098267,
    "protein_iptm": 0.9638039469718933,
    "complex_plddt": 0.9682556390762329,
    "complex_iplddt": 0.9383178353309631,
    "complex_pde": 0.2991171181201935,
    "complex_ipde": 0.4090656340122223,
    "chains_ptm": {
        "0": 0.9818373918533325,
        "1": 0.9813318848609924,
        "2": 0.9335625767707825
    },
    "pair_chains_iptm": {
        "0": {
            "0": 0.9818373918533325,
            "1": 0.9638039469718933,
            "2": 0.7861495614051819
        },
        "1": {
            "0": 0.9634343981742859,
            "1": 0.9813318848609924,
            "2": 0.7068265676498413
        },
        "2": {
            "0": 0.9853683710098267,
            "1": 0.9644692540168762,
            "2": 0.9335625767707825
        }
    }
}