{
    "confidence_score": 0.964939534664154,
    "ptm": 0.9723216891288757,
    "iptm": 0.964566707611084,
    "ligand_iptm": 0.9844278693199158,
    "protein_iptm": 0.9640907645225525,
    "complex_plddt": 0.965032696723938,
    "complex_iplddt": 0.9292283058166504,
    "complex_pde": 0.30264079570770264,
    "complex_ipde": 0.452655166387558,
    "chains_ptm": {
        "0": 0.9824691414833069,
        "1": 0.9813677668571472,
        "2": 0.9297444820404053
    },
    "pair_chains_iptm": {
        "0": {
            "0": 0.9824691414833069,
            "1": 0.9640907645225525,
            "2": 0.7808862328529358
        },
        "1": {
            "0": 0.9626196026802063,
            "1": 0.9813677668571472,
            "2": 0.6980605721473694
        },
        "2": {
            "0": 0.9844278693199158,
            "1": 0.9632232189178467,
            "2": 0.9297444820404053
        }
    }
}