{
    "confidence_score": 0.9670652747154236,
    "ptm": 0.9712316393852234,
    "iptm": 0.9630470871925354,
    "ligand_iptm": 0.9906216859817505,
    "protein_iptm": 0.9618045091629028,
    "complex_plddt": 0.9680697321891785,
    "complex_iplddt": 0.947410523891449,
    "complex_pde": 0.2876790463924408,
    "complex_ipde": 0.3850098252296448,
    "chains_ptm": {
        "0": 0.9814425110816956,
        "1": 0.9808186292648315,
        "2": 0.9293697476387024
    },
    "pair_chains_iptm": {
        "0": {
            "0": 0.9814425110816956,
            "1": 0.9618045091629028,
            "2": 0.7596604824066162
        },
        "1": {
            "0": 0.9607374668121338,
            "1": 0.9808186292648315,
            "2": 0.6711298227310181
        },
        "2": {
            "0": 0.9906216859817505,
            "1": 0.9704817533493042,
            "2": 0.9293697476387024
        }
    }
}