{
    "confidence_score": 0.9537367820739746,
    "ptm": 0.9614362120628357,
    "iptm": 0.9469522833824158,
    "ligand_iptm": 0.8655089735984802,
    "protein_iptm": 0.9581673741340637,
    "complex_plddt": 0.9554328918457031,
    "complex_iplddt": 0.8453148603439331,
    "complex_pde": 0.5962348580360413,
    "complex_ipde": 3.238105297088623,
    "chains_ptm": {
        "0": 0.978404700756073,
        "1": 0.9789798855781555,
        "2": 0.8979327082633972
    },
    "pair_chains_iptm": {
        "0": {
            "0": 0.978404700756073,
            "1": 0.9581673741340637,
            "2": 0.6008349657058716
        },
        "1": {
            "0": 0.9580967426300049,
            "1": 0.9789798855781555,
            "2": 0.6945396661758423
        },
        "2": {
            "0": 0.8477603793144226,
            "1": 0.8655089735984802,
            "2": 0.8979327082633972
        }
    }
}