{
    "confidence_score": 0.9376773238182068,
    "ptm": 0.9460546374320984,
    "iptm": 0.9192908406257629,
    "ligand_iptm": 0.49284717440605164,
    "protein_iptm": 0.96603924036026,
    "complex_plddt": 0.9422738552093506,
    "complex_iplddt": 0.7555316090583801,
    "complex_pde": 1.3127539157867432,
    "complex_ipde": 10.849456787109375,
    "chains_ptm": {
        "0": 0.9806385636329651,
        "1": 0.9764136075973511,
        "2": 0.9125635623931885
    },
    "pair_chains_iptm": {
        "0": {
            "0": 0.9806385636329651,
            "1": 0.96603924036026,
            "2": 0.37566739320755005
        },
        "1": {
            "0": 0.9628559947013855,
            "1": 0.9764136075973511,
            "2": 0.34308868646621704
        },
        "2": {
            "0": 0.49284717440605164,
            "1": 0.48407596349716187,
            "2": 0.9125635623931885
        }
    }
}