{
    "confidence_score": 0.9712530970573425,
    "ptm": 0.9775034189224243,
    "iptm": 0.9694236516952515,
    "ligand_iptm": 0.8539677262306213,
    "protein_iptm": 0.97836834192276,
    "complex_plddt": 0.9717105031013489,
    "complex_iplddt": 0.8845896124839783,
    "complex_pde": 0.3746858835220337,
    "complex_ipde": 1.5062010288238525,
    "chains_ptm": {
        "0": 0.9876809120178223,
        "1": 0.9876973032951355,
        "2": 0.8944488167762756
    },
    "pair_chains_iptm": {
        "0": {
            "0": 0.9876809120178223,
            "1": 0.9781383872032166,
            "2": 0.5188462138175964
        },
        "1": {
            "0": 0.97836834192276,
            "1": 0.9876973032951355,
            "2": 0.4676821827888489
        },
        "2": {
            "0": 0.8539677262306213,
            "1": 0.8499429821968079,
            "2": 0.8944488167762756
        }
    }
}