{
    "confidence_score": 0.9641232490539551,
    "ptm": 0.971766471862793,
    "iptm": 0.9578891396522522,
    "ligand_iptm": 0.6691797971725464,
    "protein_iptm": 0.9791241884231567,
    "complex_plddt": 0.965681791305542,
    "complex_iplddt": 0.825135350227356,
    "complex_pde": 0.5725871324539185,
    "complex_ipde": 4.042089939117432,
    "chains_ptm": {
        "0": 0.9883999824523926,
        "1": 0.9881818890571594,
        "2": 0.8882824182510376
    },
    "pair_chains_iptm": {
        "0": {
            "0": 0.9883999824523926,
            "1": 0.9791241884231567,
            "2": 0.48085030913352966
        },
        "1": {
            "0": 0.9791189432144165,
            "1": 0.9881818890571594,
            "2": 0.3890048563480377
        },
        "2": {
            "0": 0.6691797971725464,
            "1": 0.6441178321838379,
            "2": 0.8882824182510376
        }
    }
}