{
    "confidence_score": 0.967025876045227,
    "ptm": 0.9713199734687805,
    "iptm": 0.9628680348396301,
    "ligand_iptm": 0.9884434342384338,
    "protein_iptm": 0.9617297649383545,
    "complex_plddt": 0.9680653214454651,
    "complex_iplddt": 0.9415940642356873,
    "complex_pde": 0.28145891427993774,
    "complex_ipde": 0.4099729061126709,
    "chains_ptm": {
        "0": 0.9817992448806763,
        "1": 0.9812299013137817,
        "2": 0.9574066400527954
    },
    "pair_chains_iptm": {
        "0": {
            "0": 0.9817992448806763,
            "1": 0.9617297649383545,
            "2": 0.784343957901001
        },
        "1": {
            "0": 0.9612519145011902,
            "1": 0.9812299013137817,
            "2": 0.6908551454544067
        },
        "2": {
            "0": 0.9884434342384338,
            "1": 0.9674641489982605,
            "2": 0.9574066400527954
        }
    }
}