{
    "confidence_score": 0.9633974432945251,
    "ptm": 0.9713306427001953,
    "iptm": 0.9628792405128479,
    "ligand_iptm": 0.9610612392425537,
    "protein_iptm": 0.9640702605247498,
    "complex_plddt": 0.9635269641876221,
    "complex_iplddt": 0.9069550037384033,
    "complex_pde": 0.30504199862480164,
    "complex_ipde": 0.6548780202865601,
    "chains_ptm": {
        "0": 0.9816246628761292,
        "1": 0.9814660549163818,
        "2": 0.9190314412117004
    },
    "pair_chains_iptm": {
        "0": {
            "0": 0.9816246628761292,
            "1": 0.9640702605247498,
            "2": 0.6198588609695435
        },
        "1": {
            "0": 0.963412344455719,
            "1": 0.9814660549163818,
            "2": 0.571572482585907
        },
        "2": {
            "0": 0.9610612392425537,
            "1": 0.9434649348258972,
            "2": 0.9190314412117004
        }
    }
}