{
    "confidence_score": 0.9698745012283325,
    "ptm": 0.9745029211044312,
    "iptm": 0.9652513861656189,
    "ligand_iptm": 0.8613889217376709,
    "protein_iptm": 0.9750006794929504,
    "complex_plddt": 0.9710302948951721,
    "complex_iplddt": 0.891261100769043,
    "complex_pde": 0.5531434416770935,
    "complex_ipde": 3.540518283843994,
    "chains_ptm": {
        "0": 0.9862819314002991,
        "1": 0.9860121607780457,
        "2": 0.9638105034828186
    },
    "pair_chains_iptm": {
        "0": {
            "0": 0.9862819314002991,
            "1": 0.9750004410743713,
            "2": 0.699565052986145
        },
        "1": {
            "0": 0.9750006794929504,
            "1": 0.9860121607780457,
            "2": 0.6107264161109924
        },
        "2": {
            "0": 0.8613889217376709,
            "1": 0.8399932980537415,
            "2": 0.9638105034828186
        }
    }
}