{
    "confidence_score": 0.9801251292228699,
    "ptm": 0.9810909032821655,
    "iptm": 0.976578950881958,
    "ligand_iptm": 0.9902067184448242,
    "protein_iptm": 0.9762033820152283,
    "complex_plddt": 0.981011688709259,
    "complex_iplddt": 0.966050386428833,
    "complex_pde": 0.27661558985710144,
    "complex_ipde": 0.4217771589756012,
    "chains_ptm": {
        "0": 0.9866198897361755,
        "1": 0.9865404367446899,
        "2": 0.9471927285194397
    },
    "pair_chains_iptm": {
        "0": {
            "0": 0.9866198897361755,
            "1": 0.9759153127670288,
            "2": 0.7760828137397766
        },
        "1": {
            "0": 0.9762033820152283,
            "1": 0.9865404367446899,
            "2": 0.6974652409553528
        },
        "2": {
            "0": 0.9902067184448242,
            "1": 0.9800007939338684,
            "2": 0.9471927285194397
        }
    }
}