{
    "confidence_score": 0.9831033945083618,
    "ptm": 0.9827151298522949,
    "iptm": 0.9785450100898743,
    "ligand_iptm": 0.9833440780639648,
    "protein_iptm": 0.9790040254592896,
    "complex_plddt": 0.9842429757118225,
    "complex_iplddt": 0.9663355946540833,
    "complex_pde": 0.27677610516548157,
    "complex_ipde": 0.47105032205581665,
    "chains_ptm": {
        "0": 0.9882535338401794,
        "1": 0.9881110191345215,
        "2": 0.9759446382522583
    },
    "pair_chains_iptm": {
        "0": {
            "0": 0.9882535338401794,
            "1": 0.9790040254592896,
            "2": 0.7529075741767883
        },
        "1": {
            "0": 0.9787826538085938,
            "1": 0.9881110191345215,
            "2": 0.6692465543746948
        },
        "2": {
            "0": 0.9833440780639648,
            "1": 0.9732949137687683,
            "2": 0.9759446382522583
        }
    }
}