{
    "confidence_score": 0.9812305569648743,
    "ptm": 0.982174813747406,
    "iptm": 0.9782722592353821,
    "ligand_iptm": 0.9852601885795593,
    "protein_iptm": 0.978325366973877,
    "complex_plddt": 0.9819700717926025,
    "complex_iplddt": 0.9646738767623901,
    "complex_pde": 0.27456605434417725,
    "complex_ipde": 0.41123369336128235,
    "chains_ptm": {
        "0": 0.9878897666931152,
        "1": 0.9876399636268616,
        "2": 0.9654819369316101
    },
    "pair_chains_iptm": {
        "0": {
            "0": 0.9878897666931152,
            "1": 0.9781270027160645,
            "2": 0.738037109375
        },
        "1": {
            "0": 0.978325366973877,
            "1": 0.9876399636268616,
            "2": 0.6535676717758179
        },
        "2": {
            "0": 0.9852601885795593,
            "1": 0.9779796600341797,
            "2": 0.9654819369316101
        }
    }
}