{
    "confidence_score": 0.9677059054374695,
    "ptm": 0.9706803560256958,
    "iptm": 0.9581034183502197,
    "ligand_iptm": 0.7368388772010803,
    "protein_iptm": 0.9764498472213745,
    "complex_plddt": 0.9701066017150879,
    "complex_iplddt": 0.8572823405265808,
    "complex_pde": 0.7579573392868042,
    "complex_ipde": 5.993571758270264,
    "chains_ptm": {
        "0": 0.987130343914032,
        "1": 0.9862896800041199,
        "2": 0.9681142568588257
    },
    "pair_chains_iptm": {
        "0": {
            "0": 0.987130343914032,
            "1": 0.9759910106658936,
            "2": 0.5321387648582458
        },
        "1": {
            "0": 0.9764498472213745,
            "1": 0.9862896800041199,
            "2": 0.6070617437362671
        },
        "2": {
            "0": 0.7164532542228699,
            "1": 0.7368388772010803,
            "2": 0.9681142568588257
        }
    }
}