{
    "confidence_score": 0.9668973088264465,
    "ptm": 0.9709733128547668,
    "iptm": 0.9610126614570618,
    "ligand_iptm": 0.9176226854324341,
    "protein_iptm": 0.9665765166282654,
    "complex_plddt": 0.968368411064148,
    "complex_iplddt": 0.9196017384529114,
    "complex_pde": 0.45340195298194885,
    "complex_ipde": 2.0794966220855713,
    "chains_ptm": {
        "0": 0.9820296168327332,
        "1": 0.9789705276489258,
        "2": 0.9623685479164124
    },
    "pair_chains_iptm": {
        "0": {
            "0": 0.9820296168327332,
            "1": 0.9665765166282654,
            "2": 0.7693911790847778
        },
        "1": {
            "0": 0.9659997224807739,
            "1": 0.9789705276489258,
            "2": 0.6820982098579407
        },
        "2": {
            "0": 0.9176226854324341,
            "1": 0.9083382487297058,
            "2": 0.9623685479164124
        }
    }
}