{
    "confidence_score": 0.9581719636917114,
    "ptm": 0.9652465581893921,
    "iptm": 0.9534865021705627,
    "ligand_iptm": 0.9131320118904114,
    "protein_iptm": 0.9601571559906006,
    "complex_plddt": 0.9593432545661926,
    "complex_iplddt": 0.8765835165977478,
    "complex_pde": 0.49382972717285156,
    "complex_ipde": 2.402850866317749,
    "chains_ptm": {
        "0": 0.9795137047767639,
        "1": 0.9798101782798767,
        "2": 0.9298661351203918
    },
    "pair_chains_iptm": {
        "0": {
            "0": 0.9795137047767639,
            "1": 0.9595142006874084,
            "2": 0.6604204773902893
        },
        "1": {
            "0": 0.9601571559906006,
            "1": 0.9798101782798767,
            "2": 0.7458800673484802
        },
        "2": {
            "0": 0.8938636183738708,
            "1": 0.9131320118904114,
            "2": 0.9298661351203918
        }
    }
}