{
    "confidence_score": 0.9649657607078552,
    "ptm": 0.9702341556549072,
    "iptm": 0.961641252040863,
    "ligand_iptm": 0.9679746627807617,
    "protein_iptm": 0.9615012407302856,
    "complex_plddt": 0.9657968282699585,
    "complex_iplddt": 0.9204680919647217,
    "complex_pde": 0.3013968765735626,
    "complex_ipde": 0.5141445398330688,
    "chains_ptm": {
        "0": 0.9808592200279236,
        "1": 0.9804733991622925,
        "2": 0.9395150542259216
    },
    "pair_chains_iptm": {
        "0": {
            "0": 0.9808592200279236,
            "1": 0.9615012407302856,
            "2": 0.7269722819328308
        },
        "1": {
            "0": 0.9613562226295471,
            "1": 0.9804733991622925,
            "2": 0.6332860589027405
        },
        "2": {
            "0": 0.9679746627807617,
            "1": 0.9497857689857483,
            "2": 0.9395150542259216
        }
    }
}