{
    "confidence_score": 0.9723085761070251,
    "ptm": 0.9744482636451721,
    "iptm": 0.968297004699707,
    "ligand_iptm": 0.9811433553695679,
    "protein_iptm": 0.9673740267753601,
    "complex_plddt": 0.9733114838600159,
    "complex_iplddt": 0.9455576539039612,
    "complex_pde": 0.3148455321788788,
    "complex_ipde": 0.5313340425491333,
    "chains_ptm": {
        "0": 0.9821361303329468,
        "1": 0.9816004037857056,
        "2": 0.9304534196853638
    },
    "pair_chains_iptm": {
        "0": {
            "0": 0.9821361303329468,
            "1": 0.9667404294013977,
            "2": 0.7724950313568115
        },
        "1": {
            "0": 0.9673740267753601,
            "1": 0.9816004037857056,
            "2": 0.6955504417419434
        },
        "2": {
            "0": 0.9811433553695679,
            "1": 0.9639941453933716,
            "2": 0.9304534196853638
        }
    }
}