{
    "confidence_score": 0.9702957272529602,
    "ptm": 0.9717140197753906,
    "iptm": 0.9627455472946167,
    "ligand_iptm": 0.9358835220336914,
    "protein_iptm": 0.9665411114692688,
    "complex_plddt": 0.9721832275390625,
    "complex_iplddt": 0.9427899718284607,
    "complex_pde": 0.42531388998031616,
    "complex_ipde": 1.8306599855422974,
    "chains_ptm": {
        "0": 0.9816680550575256,
        "1": 0.9796440601348877,
        "2": 0.9502248764038086
    },
    "pair_chains_iptm": {
        "0": {
            "0": 0.9816680550575256,
            "1": 0.9665411114692688,
            "2": 0.7690920829772949
        },
        "1": {
            "0": 0.96586674451828,
            "1": 0.9796440601348877,
            "2": 0.6956447958946228
        },
        "2": {
            "0": 0.9358835220336914,
            "1": 0.9247512817382812,
            "2": 0.9502248764038086
        }
    }
}