{
    "confidence_score": 0.964446485042572,
    "ptm": 0.9699478149414062,
    "iptm": 0.9573076963424683,
    "ligand_iptm": 0.7635223269462585,
    "protein_iptm": 0.973906397819519,
    "complex_plddt": 0.9662311673164368,
    "complex_iplddt": 0.8626662492752075,
    "complex_pde": 0.6981551051139832,
    "complex_ipde": 5.153246879577637,
    "chains_ptm": {
        "0": 0.9854462146759033,
        "1": 0.9850311875343323,
        "2": 0.9583732485771179
    },
    "pair_chains_iptm": {
        "0": {
            "0": 0.9854462146759033,
            "1": 0.973906397819519,
            "2": 0.5922646522521973
        },
        "1": {
            "0": 0.9738922715187073,
            "1": 0.9850311875343323,
            "2": 0.5337172746658325
        },
        "2": {
            "0": 0.7635223269462585,
            "1": 0.744850754737854,
            "2": 0.9583732485771179
        }
    }
}