{
    "confidence_score": 0.9662157893180847,
    "ptm": 0.9727807641029358,
    "iptm": 0.9652544260025024,
    "ligand_iptm": 0.9795945286750793,
    "protein_iptm": 0.9645819067955017,
    "complex_plddt": 0.9664561748504639,
    "complex_iplddt": 0.9280952215194702,
    "complex_pde": 0.2910884916782379,
    "complex_ipde": 0.5040633082389832,
    "chains_ptm": {
        "0": 0.9823769330978394,
        "1": 0.9822177290916443,
        "2": 0.9203663468360901
    },
    "pair_chains_iptm": {
        "0": {
            "0": 0.9823769330978394,
            "1": 0.9645819067955017,
            "2": 0.6513687968254089
        },
        "1": {
            "0": 0.9643828868865967,
            "1": 0.9822177290916443,
            "2": 0.5912465453147888
        },
        "2": {
            "0": 0.9795945286750793,
            "1": 0.9614760875701904,
            "2": 0.9203663468360901
        }
    }
}