{
    "confidence_score": 0.9717028737068176,
    "ptm": 0.9763056039810181,
    "iptm": 0.9700300693511963,
    "ligand_iptm": 0.9563366770744324,
    "protein_iptm": 0.9718677401542664,
    "complex_plddt": 0.9721210598945618,
    "complex_iplddt": 0.9250904321670532,
    "complex_pde": 0.3192492425441742,
    "complex_ipde": 0.710233747959137,
    "chains_ptm": {
        "0": 0.9839097857475281,
        "1": 0.983742356300354,
        "2": 0.9416624903678894
    },
    "pair_chains_iptm": {
        "0": {
            "0": 0.9839097857475281,
            "1": 0.9718677401542664,
            "2": 0.6927503347396851
        },
        "1": {
            "0": 0.9717945456504822,
            "1": 0.983742356300354,
            "2": 0.5748190879821777
        },
        "2": {
            "0": 0.9563366770744324,
            "1": 0.942465603351593,
            "2": 0.9416624903678894
        }
    }
}