{
    "confidence_score": 0.9632485508918762,
    "ptm": 0.9693911671638489,
    "iptm": 0.9607207179069519,
    "ligand_iptm": 0.9683166742324829,
    "protein_iptm": 0.9603781700134277,
    "complex_plddt": 0.9638804793357849,
    "complex_iplddt": 0.9162984490394592,
    "complex_pde": 0.32979708909988403,
    "complex_ipde": 0.5800203680992126,
    "chains_ptm": {
        "0": 0.980769157409668,
        "1": 0.9803481101989746,
        "2": 0.9187048077583313
    },
    "pair_chains_iptm": {
        "0": {
            "0": 0.980769157409668,
            "1": 0.9603781700134277,
            "2": 0.7593977451324463
        },
        "1": {
            "0": 0.9603310227394104,
            "1": 0.9803481101989746,
            "2": 0.6786882281303406
        },
        "2": {
            "0": 0.9683166742324829,
            "1": 0.9499891400337219,
            "2": 0.9187048077583313
        }
    }
}