{
    "confidence_score": 0.9724170565605164,
    "ptm": 0.9755383133888245,
    "iptm": 0.9690130352973938,
    "ligand_iptm": 0.9576155543327332,
    "protein_iptm": 0.970458984375,
    "complex_plddt": 0.9732680320739746,
    "complex_iplddt": 0.9269652366638184,
    "complex_pde": 0.3128507733345032,
    "complex_ipde": 0.6717333197593689,
    "chains_ptm": {
        "0": 0.9834270477294922,
        "1": 0.9830622673034668,
        "2": 0.9298574328422546
    },
    "pair_chains_iptm": {
        "0": {
            "0": 0.9834270477294922,
            "1": 0.9703704714775085,
            "2": 0.646216869354248
        },
        "1": {
            "0": 0.970458984375,
            "1": 0.9830622673034668,
            "2": 0.5298887491226196
        },
        "2": {
            "0": 0.9576155543327332,
            "1": 0.9454191327095032,
            "2": 0.9298574328422546
        }
    }
}