{
    "confidence_score": 0.957123875617981,
    "ptm": 0.962548017501831,
    "iptm": 0.9497812986373901,
    "ligand_iptm": 0.9008980393409729,
    "protein_iptm": 0.9573028683662415,
    "complex_plddt": 0.9589595198631287,
    "complex_iplddt": 0.8730443120002747,
    "complex_pde": 0.519402027130127,
    "complex_ipde": 2.692826271057129,
    "chains_ptm": {
        "0": 0.9782178401947021,
        "1": 0.9780869483947754,
        "2": 0.9266240000724792
    },
    "pair_chains_iptm": {
        "0": {
            "0": 0.9782178401947021,
            "1": 0.9565981030464172,
            "2": 0.6320108771324158
        },
        "1": {
            "0": 0.9573028683662415,
            "1": 0.9780869483947754,
            "2": 0.7203599214553833
        },
        "2": {
            "0": 0.8798001408576965,
            "1": 0.9008980393409729,
            "2": 0.9266240000724792
        }
    }
}