{
    "confidence_score": 0.9755531549453735,
    "ptm": 0.975788414478302,
    "iptm": 0.9695095419883728,
    "ligand_iptm": 0.980737030506134,
    "protein_iptm": 0.969174861907959,
    "complex_plddt": 0.9770640134811401,
    "complex_iplddt": 0.9515354633331299,
    "complex_pde": 0.2939111888408661,
    "complex_ipde": 0.5342727303504944,
    "chains_ptm": {
        "0": 0.9830116033554077,
        "1": 0.9825621843338013,
        "2": 0.9555057287216187
    },
    "pair_chains_iptm": {
        "0": {
            "0": 0.9830116033554077,
            "1": 0.9690753817558289,
            "2": 0.6961894035339355
        },
        "1": {
            "0": 0.969174861907959,
            "1": 0.9825621843338013,
            "2": 0.5985380411148071
        },
        "2": {
            "0": 0.980737030506134,
            "1": 0.964281439781189,
            "2": 0.9555057287216187
        }
    }
}