{
    "confidence_score": 0.9761481285095215,
    "ptm": 0.9766879081726074,
    "iptm": 0.9712139368057251,
    "ligand_iptm": 0.9901270270347595,
    "protein_iptm": 0.9698134064674377,
    "complex_plddt": 0.9773816466331482,
    "complex_iplddt": 0.9628244638442993,
    "complex_pde": 0.2890596091747284,
    "complex_ipde": 0.42643025517463684,
    "chains_ptm": {
        "0": 0.9833741188049316,
        "1": 0.9828243851661682,
        "2": 0.9301773309707642
    },
    "pair_chains_iptm": {
        "0": {
            "0": 0.9833741188049316,
            "1": 0.9693975448608398,
            "2": 0.7797606587409973
        },
        "1": {
            "0": 0.9698134064674377,
            "1": 0.9828243851661682,
            "2": 0.6950954794883728
        },
        "2": {
            "0": 0.9901270270347595,
            "1": 0.9744138121604919,
            "2": 0.9301773309707642
        }
    }
}