{
    "confidence_score": 0.9808406829833984,
    "ptm": 0.9805558919906616,
    "iptm": 0.9757380485534668,
    "ligand_iptm": 0.989092230796814,
    "protein_iptm": 0.9753842949867249,
    "complex_plddt": 0.9821164011955261,
    "complex_iplddt": 0.9693848490715027,
    "complex_pde": 0.2773694396018982,
    "complex_ipde": 0.4278397858142853,
    "chains_ptm": {
        "0": 0.9864960312843323,
        "1": 0.9862281680107117,
        "2": 0.9583542346954346
    },
    "pair_chains_iptm": {
        "0": {
            "0": 0.9864960312843323,
            "1": 0.9752523303031921,
            "2": 0.7678630948066711
        },
        "1": {
            "0": 0.9753842949867249,
            "1": 0.9862281680107117,
            "2": 0.6813146471977234
        },
        "2": {
            "0": 0.989092230796814,
            "1": 0.9777083992958069,
            "2": 0.9583542346954346
        }
    }
}