{
    "confidence_score": 0.9728555083274841,
    "ptm": 0.9725246429443359,
    "iptm": 0.9637173414230347,
    "ligand_iptm": 0.898422122001648,
    "protein_iptm": 0.9698802828788757,
    "complex_plddt": 0.9751399755477905,
    "complex_iplddt": 0.9125324487686157,
    "complex_pde": 0.3600134253501892,
    "complex_ipde": 1.2608933448791504,
    "chains_ptm": {
        "0": 0.982513427734375,
        "1": 0.9816176891326904,
        "2": 0.932253360748291
    },
    "pair_chains_iptm": {
        "0": {
            "0": 0.982513427734375,
            "1": 0.9698802828788757,
            "2": 0.5162704586982727
        },
        "1": {
            "0": 0.9698686003684998,
            "1": 0.9816176891326904,
            "2": 0.41393768787384033
        },
        "2": {
            "0": 0.898422122001648,
            "1": 0.8784850239753723,
            "2": 0.932253360748291
        }
    }
}