{
    "confidence_score": 0.9662214517593384,
    "ptm": 0.9698478579521179,
    "iptm": 0.961406946182251,
    "ligand_iptm": 0.9779671430587769,
    "protein_iptm": 0.9606768488883972,
    "complex_plddt": 0.9674251079559326,
    "complex_iplddt": 0.9352916479110718,
    "complex_pde": 0.30507585406303406,
    "complex_ipde": 0.4448808431625366,
    "chains_ptm": {
        "0": 0.9806482195854187,
        "1": 0.9801775813102722,
        "2": 0.9198240041732788
    },
    "pair_chains_iptm": {
        "0": {
            "0": 0.9806482195854187,
            "1": 0.9606768488883972,
            "2": 0.7461606860160828
        },
        "1": {
            "0": 0.9602486491203308,
            "1": 0.9801775813102722,
            "2": 0.6668465733528137
        },
        "2": {
            "0": 0.9779671430587769,
            "1": 0.9578619599342346,
            "2": 0.9198240041732788
        }
    }
}