{
    "confidence_score": 0.9695301055908203,
    "ptm": 0.974856972694397,
    "iptm": 0.9659619927406311,
    "ligand_iptm": 0.8665120601654053,
    "protein_iptm": 0.974881112575531,
    "complex_plddt": 0.970422089099884,
    "complex_iplddt": 0.8848852515220642,
    "complex_pde": 0.39880821108818054,
    "complex_ipde": 1.6121853590011597,
    "chains_ptm": {
        "0": 0.985944926738739,
        "1": 0.98554527759552,
        "2": 0.9195441603660583
    },
    "pair_chains_iptm": {
        "0": {
            "0": 0.985944926738739,
            "1": 0.9748729467391968,
            "2": 0.5672197937965393
        },
        "1": {
            "0": 0.974881112575531,
            "1": 0.98554527759552,
            "2": 0.5079231858253479
        },
        "2": {
            "0": 0.8665120601654053,
            "1": 0.8583410382270813,
            "2": 0.9195441603660583
        }
    }
}