{
    "confidence_score": 0.9662796854972839,
    "ptm": 0.9712701439857483,
    "iptm": 0.9635055065155029,
    "ligand_iptm": 0.987636148929596,
    "protein_iptm": 0.962363064289093,
    "complex_plddt": 0.9669732451438904,
    "complex_iplddt": 0.9409584999084473,
    "complex_pde": 0.2941247522830963,
    "complex_ipde": 0.41520118713378906,
    "chains_ptm": {
        "0": 0.9812261462211609,
        "1": 0.9811399579048157,
        "2": 0.9395623803138733
    },
    "pair_chains_iptm": {
        "0": {
            "0": 0.9812261462211609,
            "1": 0.962363064289093,
            "2": 0.78074049949646
        },
        "1": {
            "0": 0.9611536264419556,
            "1": 0.9811399579048157,
            "2": 0.6951908469200134
        },
        "2": {
            "0": 0.987636148929596,
            "1": 0.9671928286552429,
            "2": 0.9395623803138733
        }
    }
}