{
    "confidence_score": 0.9655811190605164,
    "ptm": 0.9693777561187744,
    "iptm": 0.9603074789047241,
    "ligand_iptm": 0.9808480739593506,
    "protein_iptm": 0.9590755105018616,
    "complex_plddt": 0.9668995141983032,
    "complex_iplddt": 0.9330772161483765,
    "complex_pde": 0.3137475848197937,
    "complex_ipde": 0.47324642539024353,
    "chains_ptm": {
        "0": 0.9803322553634644,
        "1": 0.9799292683601379,
        "2": 0.9332515001296997
    },
    "pair_chains_iptm": {
        "0": {
            "0": 0.9803322553634644,
            "1": 0.9590755105018616,
            "2": 0.7751760482788086
        },
        "1": {
            "0": 0.9584587812423706,
            "1": 0.9799292683601379,
            "2": 0.6935628652572632
        },
        "2": {
            "0": 0.9808480739593506,
            "1": 0.9582382440567017,
            "2": 0.9332515001296997
        }
    }
}