{
    "confidence_score": 0.9728542566299438,
    "ptm": 0.9763088226318359,
    "iptm": 0.9661168456077576,
    "ligand_iptm": 0.8281568884849548,
    "protein_iptm": 0.9784184694290161,
    "complex_plddt": 0.9745385646820068,
    "complex_iplddt": 0.8855662941932678,
    "complex_pde": 0.4301314353942871,
    "complex_ipde": 2.2616846561431885,
    "chains_ptm": {
        "0": 0.9878463745117188,
        "1": 0.9877485036849976,
        "2": 0.9091672897338867
    },
    "pair_chains_iptm": {
        "0": {
            "0": 0.9878463745117188,
            "1": 0.9782246947288513,
            "2": 0.451798677444458
        },
        "1": {
            "0": 0.9784184694290161,
            "1": 0.9877485036849976,
            "2": 0.424356073141098
        },
        "2": {
            "0": 0.8281568884849548,
            "1": 0.8018710613250732,
            "2": 0.9091672897338867
        }
    }
}