{
    "confidence_score": 0.973758339881897,
    "ptm": 0.9753081798553467,
    "iptm": 0.969233512878418,
    "ligand_iptm": 0.9873726963996887,
    "protein_iptm": 0.9684534072875977,
    "complex_plddt": 0.9748895764350891,
    "complex_iplddt": 0.953715443611145,
    "complex_pde": 0.30107903480529785,
    "complex_ipde": 0.4614940285682678,
    "chains_ptm": {
        "0": 0.9827641844749451,
        "1": 0.9821295142173767,
        "2": 0.9350041747093201
    },
    "pair_chains_iptm": {
        "0": {
            "0": 0.9827641844749451,
            "1": 0.9684534072875977,
            "2": 0.7793765068054199
        },
        "1": {
            "0": 0.9683050513267517,
            "1": 0.9821295142173767,
            "2": 0.6999730467796326
        },
        "2": {
            "0": 0.9873726963996887,
            "1": 0.9692571759223938,
            "2": 0.9350041747093201
        }
    }
}