{
    "confidence_score": 0.9733495712280273,
    "ptm": 0.9782707095146179,
    "iptm": 0.972898542881012,
    "ligand_iptm": 0.9802249073982239,
    "protein_iptm": 0.9728507399559021,
    "complex_plddt": 0.9734623432159424,
    "complex_iplddt": 0.9423703551292419,
    "complex_pde": 0.31476491689682007,
    "complex_ipde": 0.5313429832458496,
    "chains_ptm": {
        "0": 0.9849390983581543,
        "1": 0.9845975041389465,
        "2": 0.9363806843757629
    },
    "pair_chains_iptm": {
        "0": {
            "0": 0.9849390983581543,
            "1": 0.9727725982666016,
            "2": 0.7691655158996582
        },
        "1": {
            "0": 0.9728507399559021,
            "1": 0.9845975041389465,
            "2": 0.696457028388977
        },
        "2": {
            "0": 0.9802249073982239,
            "1": 0.9664099812507629,
            "2": 0.9363806843757629
        }
    }
}