{
    "confidence_score": 0.9532012939453125,
    "ptm": 0.966698408126831,
    "iptm": 0.9543790817260742,
    "ligand_iptm": 0.881228506565094,
    "protein_iptm": 0.963636040687561,
    "complex_plddt": 0.9529069066047668,
    "complex_iplddt": 0.8339599370956421,
    "complex_pde": 0.4326978325843811,
    "complex_ipde": 1.433282494544983,
    "chains_ptm": {
        "0": 0.9818535447120667,
        "1": 0.9814417958259583,
        "2": 0.8793143630027771
    },
    "pair_chains_iptm": {
        "0": {
            "0": 0.9818535447120667,
            "1": 0.9634252190589905,
            "2": 0.4872467815876007
        },
        "1": {
            "0": 0.963636040687561,
            "1": 0.9814417958259583,
            "2": 0.4264169931411743
        },
        "2": {
            "0": 0.881228506565094,
            "1": 0.8681576251983643,
            "2": 0.8793143630027771
        }
    }
}