{
    "confidence_score": 0.9666382074356079,
    "ptm": 0.9730786681175232,
    "iptm": 0.9659594297409058,
    "ligand_iptm": 0.9837935566902161,
    "protein_iptm": 0.9645974040031433,
    "complex_plddt": 0.9668079018592834,
    "complex_iplddt": 0.9340100884437561,
    "complex_pde": 0.29006168246269226,
    "complex_ipde": 0.4480222761631012,
    "chains_ptm": {
        "0": 0.9821648597717285,
        "1": 0.9820640087127686,
        "2": 0.9533469676971436
    },
    "pair_chains_iptm": {
        "0": {
            "0": 0.9821648597717285,
            "1": 0.9641574621200562,
            "2": 0.7784419059753418
        },
        "1": {
            "0": 0.9645974040031433,
            "1": 0.9820640087127686,
            "2": 0.6832953691482544
        },
        "2": {
            "0": 0.9837935566902161,
            "1": 0.963640034198761,
            "2": 0.9533469676971436
        }
    }
}