{
    "confidence_score": 0.9733781814575195,
    "ptm": 0.9746226072311401,
    "iptm": 0.9686120748519897,
    "ligand_iptm": 0.9867597222328186,
    "protein_iptm": 0.96723872423172,
    "complex_plddt": 0.9745697379112244,
    "complex_iplddt": 0.9539267420768738,
    "complex_pde": 0.3066040575504303,
    "complex_ipde": 0.49082034826278687,
    "chains_ptm": {
        "0": 0.9821341037750244,
        "1": 0.9815211296081543,
        "2": 0.9385351538658142
    },
    "pair_chains_iptm": {
        "0": {
            "0": 0.9821341037750244,
            "1": 0.9670395851135254,
            "2": 0.7757363319396973
        },
        "1": {
            "0": 0.96723872423172,
            "1": 0.9815211296081543,
            "2": 0.7042760848999023
        },
        "2": {
            "0": 0.9867597222328186,
            "1": 0.9684892892837524,
            "2": 0.9385351538658142
        }
    }
}