{
    "confidence_score": 0.9481737017631531,
    "ptm": 0.9576645493507385,
    "iptm": 0.9350565671920776,
    "ligand_iptm": 0.5555264353752136,
    "protein_iptm": 0.9729437828063965,
    "complex_plddt": 0.9514529705047607,
    "complex_iplddt": 0.7532446384429932,
    "complex_pde": 0.8499993681907654,
    "complex_ipde": 6.023299694061279,
    "chains_ptm": {
        "0": 0.9847303628921509,
        "1": 0.9845629334449768,
        "2": 0.8419046401977539
    },
    "pair_chains_iptm": {
        "0": {
            "0": 0.9847303628921509,
            "1": 0.9726570248603821,
            "2": 0.2496347874403
        },
        "1": {
            "0": 0.9729437828063965,
            "1": 0.9845629334449768,
            "2": 0.19103071093559265
        },
        "2": {
            "0": 0.5555264353752136,
            "1": 0.5342037677764893,
            "2": 0.8419046401977539
        }
    }
}