{
    "confidence_score": 0.9743141531944275,
    "ptm": 0.9752839207649231,
    "iptm": 0.9693132042884827,
    "ligand_iptm": 0.9890957474708557,
    "protein_iptm": 0.9679827690124512,
    "complex_plddt": 0.9755643010139465,
    "complex_iplddt": 0.9597532749176025,
    "complex_pde": 0.29298433661460876,
    "complex_ipde": 0.43936625123023987,
    "chains_ptm": {
        "0": 0.9824622869491577,
        "1": 0.9821645021438599,
        "2": 0.9388192892074585
    },
    "pair_chains_iptm": {
        "0": {
            "0": 0.9824622869491577,
            "1": 0.9676803946495056,
            "2": 0.77510666847229
        },
        "1": {
            "0": 0.9679827690124512,
            "1": 0.9821645021438599,
            "2": 0.6993661522865295
        },
        "2": {
            "0": 0.9890957474708557,
            "1": 0.9721826314926147,
            "2": 0.9388192892074585
        }
    }
}