{
    "confidence_score": 0.9671093821525574,
    "ptm": 0.9712376594543457,
    "iptm": 0.9568019509315491,
    "ligand_iptm": 0.5530277490615845,
    "protein_iptm": 0.9792845845222473,
    "complex_plddt": 0.9696862101554871,
    "complex_iplddt": 0.8353297710418701,
    "complex_pde": 0.5942946672439575,
    "complex_ipde": 4.883243083953857,
    "chains_ptm": {
        "0": 0.988476574420929,
        "1": 0.9881100058555603,
        "2": 0.9147252440452576
    },
    "pair_chains_iptm": {
        "0": {
            "0": 0.988476574420929,
            "1": 0.9791799783706665,
            "2": 0.2320426106452942
        },
        "1": {
            "0": 0.9792845845222473,
            "1": 0.9881100058555603,
            "2": 0.15707620978355408
        },
        "2": {
            "0": 0.5530277490615845,
            "1": 0.5064690709114075,
            "2": 0.9147252440452576
        }
    }
}