{
    "confidence_score": 0.9834690093994141,
    "ptm": 0.9833283424377441,
    "iptm": 0.9793166518211365,
    "ligand_iptm": 0.9851614832878113,
    "protein_iptm": 0.9795422554016113,
    "complex_plddt": 0.9845070838928223,
    "complex_iplddt": 0.9677736759185791,
    "complex_pde": 0.271661639213562,
    "complex_ipde": 0.4294911324977875,
    "chains_ptm": {
        "0": 0.9885300993919373,
        "1": 0.9885239601135254,
        "2": 0.9758381247520447
    },
    "pair_chains_iptm": {
        "0": {
            "0": 0.9885300993919373,
            "1": 0.9794172048568726,
            "2": 0.7436011433601379
        },
        "1": {
            "0": 0.9795422554016113,
            "1": 0.9885239601135254,
            "2": 0.6568319797515869
        },
        "2": {
            "0": 0.9851614832878113,
            "1": 0.9766209125518799,
            "2": 0.9758381247520447
        }
    }
}