{
    "confidence_score": 0.9739540219306946,
    "ptm": 0.9752424359321594,
    "iptm": 0.9693578481674194,
    "ligand_iptm": 0.9874206781387329,
    "protein_iptm": 0.9678247570991516,
    "complex_plddt": 0.9751030802726746,
    "complex_iplddt": 0.9559522271156311,
    "complex_pde": 0.30307191610336304,
    "complex_ipde": 0.4595440924167633,
    "chains_ptm": {
        "0": 0.9825345277786255,
        "1": 0.9821333289146423,
        "2": 0.9384903311729431
    },
    "pair_chains_iptm": {
        "0": {
            "0": 0.9825345277786255,
            "1": 0.9678247570991516,
            "2": 0.7773379683494568
        },
        "1": {
            "0": 0.9677774310112,
            "1": 0.9821333289146423,
            "2": 0.6959640979766846
        },
        "2": {
            "0": 0.9874206781387329,
            "1": 0.9689868092536926,
            "2": 0.9384903311729431
        }
    }
}