{
    "confidence_score": 0.9736900329589844,
    "ptm": 0.9748396873474121,
    "iptm": 0.9688761234283447,
    "ligand_iptm": 0.987514853477478,
    "protein_iptm": 0.9674848914146423,
    "complex_plddt": 0.9748935699462891,
    "complex_iplddt": 0.9560034275054932,
    "complex_pde": 0.3023642301559448,
    "complex_ipde": 0.47945231199264526,
    "chains_ptm": {
        "0": 0.9822962284088135,
        "1": 0.9817379713058472,
        "2": 0.9345218539237976
    },
    "pair_chains_iptm": {
        "0": {
            "0": 0.9822962284088135,
            "1": 0.9672514200210571,
            "2": 0.7672345042228699
        },
        "1": {
            "0": 0.9674848914146423,
            "1": 0.9817379713058472,
            "2": 0.6856566667556763
        },
        "2": {
            "0": 0.987514853477478,
            "1": 0.9693747758865356,
            "2": 0.9345218539237976
        }
    }
}