{
    "confidence_score": 0.9631828665733337,
    "ptm": 0.9686619639396667,
    "iptm": 0.9585204124450684,
    "ligand_iptm": 0.9073755741119385,
    "protein_iptm": 0.9664996862411499,
    "complex_plddt": 0.9643483757972717,
    "complex_iplddt": 0.9219778180122375,
    "complex_pde": 0.5134737491607666,
    "complex_ipde": 2.428636074066162,
    "chains_ptm": {
        "0": 0.9815428256988525,
        "1": 0.9766259789466858,
        "2": 0.941521942615509
    },
    "pair_chains_iptm": {
        "0": {
            "0": 0.9815428256988525,
            "1": 0.9664996862411499,
            "2": 0.7515429258346558
        },
        "1": {
            "0": 0.9636271595954895,
            "1": 0.9766259789466858,
            "2": 0.6670422554016113
        },
        "2": {
            "0": 0.9073755741119385,
            "1": 0.8965706825256348,
            "2": 0.941521942615509
        }
    }
}